bioguide id,name,state,role,education
,Firstname Lastname,State (Unabbreviated),Role (Unabbreviated),"School (Unabbreviated), Degree (Abbreviated), Year; ..."
,,,,
S001198,Dan Sullivan,Alaska,Senator,"graduated Culver Military Academy, Culver, Ind., 1983; B.A., Harvard University, 1987; M.F.S. and J.D., Georgetown University, 1993; United States Marine Corps 1993-1997; United States Marine Corps Reserves 1997-present, attaining the rank of lieutenant colonel"
M001153,Lisa Murkowski,Alaska,Senator,"attended public schools in Fairbanks, AK; attended Willamette University in Salem, Oregon, 1975-1977; B.A. in Economics, Georgetown University 1980; J.D., Willamette College of Law 1985"
B001323,Nicholas J. Begich III,Alaska,Representative,"graduated from The Master's Academy, Oviedo, Fla., 1995; B.B.A., Baylor University, Waco, Tex., 1999; M.B.A., Indiana University, Bloomington, Ind., 2002"
B001319,Katie Boyd Britt,Alabama,Senator,"B.S., political science, University of Alabama, 2004; J.D., University of Alabama School of Law, 2013"
T000278,Tommy Tuberville,Alabama,Senator,"B.S., physical education, Southern Arkansas University, 1976; college football coach"
M001212,Barry Moore,Alabama,Representative,"A.S., Enterprise State Junior College, Enterprise, Ala., 1988; attended Troy State University, Troy, Ala.; B.S., Auburn University, Auburn, Ala., 1992"
F000481,Shomari Figures,Alabama,Representative,"B.A., University of Alabama, Tuscaloosa, Ala., 2006; J.D., University of Alabama, Tuscaloosa, Ala., 2010; staff, United States District Court, Eastern District of Missouri, 2011-2012"
R000575,Mike Rogers,Alabama,Representative,"B.A., Jacksonville State University, Jacksonville, Ala., 1981; M.P.A., Jacksonville State University, Jacksonville, Ala., 1984; J.D., Birmingham School of Law, Birmingham, Ala., 1991; member of the Calhoun County, Ala., commission, 1987-1990"
A000055,Robert B. Aderholt,Alabama,Representative,"B.A., Birmingham Southern College, Birmingham, Ala., 1987; J.D., Samford University, Birmingham, Ala., 1990"
S001220,Dale W. Strong,Alabama,Representative,"B.S., Athens State University, Athens, Ala., 1992"
P000609,Gary J. Palmer,Alabama,Representative,"attended Northwest Alabama Junior College, Phil Campbell, Ala., 1972-1974; B.S., University of Alabama, Tuscaloosa, Ala., 1977"
S001185,Terri A. Sewell,Alabama,Representative,"A.B., Princeton University, Princeton, N.J., 1986; M.A., Oxford University, Oxford, England, 1988; J.D., Harvard University, Cambridge, Mass., 1992"
B001236,John Boozman,Arkansas,Senator,"attended the University of Arkansas, Fayetteville, Ark., 1969-1972; graduated Southern College of Optometry, 1977"
C001095,Tom Cotton,Arkansas,Senator,"A.B., Harvard University, Cambridge, Mass., 1998; attended Claremont Graduate University, Claremont, Calif., 1998-1999; J.D., Harvard University, Cambridge, Mass., 2002; United States Army, 2004-2009; clerk, U.S. Court of Appeals, 2002-2003"
C001087,"Eric A. ""Rick"" Crawford",Arkansas,Representative,"B.S., Arkansas State University, Jonesboro, Ark., 1996"
H001072,J. French Hill,Arkansas,Representative,"B.S., Vanderbilt University, Nashville, Tenn., 1979"
W000809,Steve Womack,Arkansas,Representative,"B.A., Arkansas Tech University, Russellville, Ark., 1979; Arkansas Army National Guard, 1979-2009"
W000821,Bruce Westerman,Arkansas,Representative,"B.S., University of Arkansas, Fayetteville, Ark., 1990; M.F., Yale Forestry School, New Haven, Conn., 2001"
R000600,Aumua Amata Coleman Radewagen,American Samoa (US Territory),Representative,"attended Sacred Hearts Academy, Honolulu, Hawaii; B.S., University of Guam, 1975; attended George Mason University, Fairfax, Va.; attended Loyola Marymount University, Los Angeles, Calif."
K000377,Mark Kelly,Arizona,Senator,"B.S., marine engineering and nautical science, United States Merchant Marine Academy, 1986; M.S., aeronautical engineering, United States Naval Postgraduate School, 1994; naval aviator, United States Navy 1987-2012, attaining the rank of captain"
G000574,Ruben Gallego,Arizona,Senator,"A.B., Harvard University, Cambridge, Mass., 2004; United States Marine Corps, 2002-2006; public affairs consultant, 2007-2008; Delegate, Democratic National Convention, 2008"
S001183,David Schweikert,Arizona,Representative,"A.A., Scottsdale Community College, Scottsdale, Ariz., 1985; B.S., Arizona State University, Tempe, Ariz., 1988; M.B.A., Arizona State University, Tempe, Ariz., 2005"
C001132,Elijah Crane,Arizona,Representative,"attended Arizona Western College, Yuma, Ariz., 1999-2000; attended University of Arizona, Tucson, Ariz., 2000-2001; United States Navy, 2001-2014"
A000381,Yassamin Ansari,Arizona,Representative,"B.A., Stanford University, Stanford, Calif., 2014; M. Phil., University of Cambridge, Cambridge, England; staff, United Nations, 2015-2021; member of the Phoenix, Ariz., city council, 2021-2024; vice mayor, Phoenix, Ariz., 2023-2024"
S001211,Greg Stanton,Arizona,Representative,"B.A., Marquette University, Milwaukee, Wis., 1992; J.D., University of Michigan, Ann Arbor, Mich., 1995"
B001302,Andy Biggs,Arizona,Representative,"B.A., Brigham Young University, Provo, Utah, 1982; J.D., University of Arizona, Tucson, Ariz., 1984; M.A., Arizona State University, Tempe, Ariz, 1999"
C001133,Juan Ciscomani,Arizona,Representative,"A.A., Pima Community College, Tucson, Ariz., 2003; B.A., University of Arizona, Tucson, Ariz., 2005; senior program development specialist, University of Arizona, Tucson, Ariz., 2006-2011"
G000606,Adelita S. Grijalva,Arizona,Representative,"B.A., University of Arizona, Tucson, Ariz., 1995"
H001098,Abraham J. Hamadeh,Arizona,Representative,"B.S., Arizona State University, Tempe, Ariz., 2012; J.D., James E. Rogers College of Law, University of Arizona, Tucson, Ariz., 2016; United States Army Reserves, 2016-2022; staff, Maricopa County, Ariz., attorney's office, 2017-2021"
G000565,Paul A. Gosar,Arizona,Representative,"B.S., Creighton University, Omaha, Nebr., 1981; D.D.S., Creighton University, Omaha, Nebr., 1985"
S001150,Adam B. Schiff,California,Senator,"B.A., Stanford University, Stanford, Calif., 1982; J.D., Harvard University, Cambridge, Mass., 1985"
P000145,Alex Padilla,California,Senator,"B.S., Massachusetts Institute of Technology, Cambridge, Mass., 1994"
H001068,Jared Huffman,California,Representative,"B.A., University of California, Santa Barbara, Calif., 1986; J.D., Boston College, Newton, Mass., 1990"
K000401,Kevin Kiley,California,Representative,"A.B., Harvard University, Cambridge, Mass., 2007; J.D., Yale University, New Haven, Conn., 2012; M.A., Loyola Marymount University, Los Angeles, Calif., 2009"
T000460,Mike Thompson,California,Representative,"B.A., California State University, Chico, Calif., 1982; M.A., California State University, Chico, Calif., 1996; United States Army, 1969-1972; California state assembly fellow, 1982-1983; member of the California state senate, 1990-1998"
M001177,Tom McClintock,California,Representative,"B.A., University of California, Los Angeles, Calif., 1978"
B001287,Ami Bera,California,Representative,"B.S., University of California, Irvine, Calif., 1987; M.D., University of California, Irvine, Calif., 1991"
M001163,Doris O. Matsui,California,Representative,"B.A., University of California, Berkeley, Calif., 1966; staff, transition team for President-elect William J. Clinton, 1992-1993"
G000559,John Garamendi,California,Representative,"B.A., University of California, Berkeley, Calif., 1966; M.B.A., Harvard University, Cambridge, Mass., 1970"
H001090,Josh Harder,California,Representative,"B.A., Stanford University, Stanford, Calif., 2008; M.B.A., Harvard University, Cambridge, Mass., 2014; M.P.P., Harvard University, Cambridge, Mass., 2014"
D000623,Mark DeSaulnier,California,Representative,"graduated from Cranwell Preparatory School, Lenox, Mass., 1970; B.A. College of the Holy Cross, Worcester, Mass., 1974; fellow, John F. Kennedy School of Government, Harvard University, Cambridge, Mass., 2003"
P000197,Nancy Pelosi,California,Representative,"graduated from the Institute of Notre Dame, Baltimore, Md., 1958; A.B., Trinity College, 1962; chair, California state Democratic Party, 1981-1983"
S001231,Lateefah Simon,California,Representative,"B.A., Mills College, Oakland, Calif., 2009; M.P.A., University of San Francisco, San Francisco, Calif., 2022"
G000605,Adam Gray,California,Representative,"B.A., University of California, Santa Barbara, Calif., 2000"
M001225,Kevin Mullin,California,Representative,"B.A., University of San Francisco, San Francisco, Calif., 1992; M.P.A., San Francisco State University, San Francisco, Calif., 1998"
L000607,Sam T. Liccardo,California,Representative,"graduated from Bellarmine College Preparatory, San Jose, Calif., 1987; A.B., Georgetown University, Washington, D.C., 1991; M.P.P., Harvard University, Cambridge, Mass., 1996; J.D., Harvard University, Cambridge, Mass., 1996"
K000389,Ro Khanna,California,Representative,"A.B., University of Chicago, Chicago, Ill., 1998; J.D. Yale University, New Haven, Conn., 2001"
L000397,Zoe Lofgren,California,Representative,"B.A., Stanford University, Stanford, Calif., 1970; J.D., Santa Clara University School of Law, Santa Clara, Calif., 1975"
P000613,Jimmy Panetta,California,Representative,"A.A., Monterey Peninsula College, Monterey, Calif., 1989; B.A. University of California, Davis, Calif., 1991; J.D., Santa Clara University, Santa Clara, Calif., 1996; United States Navy Reserve, 2003-2011, Afghanistan War, 2007-2008; clerk, United States Department of State, 1992; ordinary seaman, National Oceanic and Atmospheric Administration, NOAA Ranier, 1992; Alameda County, Calif., deputy district attorney, 1996-2010; Monterey County, Calif., deputy district attorney, 2010-2016; Monterey County, Calif., central Democratic committee vice chairman, 2012-2016"
F000480,Vince Fong,California,Representative,"B.A., University of California, Los Angeles, Calif., 2001; M.P.A., Princeton University, Princeton, N.J., 2003; staff, United States Representative William Marshall Thomas of California, 2003-2007; staff, United States Representative Kevin McCarthy of California, 2007-2016; member of the California state assembly, 2016-2024"
C001059,Jim Costa,California,Representative,"B.A., California State University, Fresno, Calif., 1974; member of the California state assembly, 1978-1994; member of the California state senate, 1994-2002"
V000129,David G. Valadao,California,Representative,"attended College of the Sequoias, Visalia, Calif., 1996-1998"
O000019,Jay Obernolte,California,Representative,"M.S., University of California, Los Angeles, Calif., 1997; D.P.A., California Baptist University, Riverside, Calif., 2020"
C001112,Salud O. Carbajal,California,Representative,"B.A., University of California, Santa Barbara, Calif., 1990; M.A., Fielding Graduate University, Santa Barbara, Calif., 1994; United States Marine Corps Reserve, 1984-1992"
R000599,Raul Ruiz,California,Representative,"B.S., University of California, Los Angeles, Calif., 1994; M.D., Harvard University, Cambridge, Mass., 2001; M.P.P., Harvard University, Cambridge, Mass., 2001; M.P.H., Harvard University, Cambridge, Mass., 2007"
B001285,Julia Brownley,California,Representative,"graduated from Fairfax Hall, Waynesboro, Va., 1970; B.A., Mount Vernon College (now the George Washington University), Washington, D.C., 1975; M.B.A., American University, Washington, D.C., 1979"
W000830,George Whitesides,California,Representative,"A.B., Princeton University, Princeton, N.J., 1996; M.Phil., University of Cambridge, Cambridge, England, 2000"
C001080,Judy Chu,California,Representative,"B.A., University of California, Los Angeles, Calif., 1974; Ph.D., California School of Professional Psychology, Los Angeles, Calif., 1979; professor, Los Angeles City College, Los Angeles, Calif., 1981-1988; professor, East Los Angeles College, Monterey Park, Calif., 1988-2001; member of the Garvey, Calif., school district, 1985-1988; member of the Monterey Park, Calif., city council, 1988-2001; Mayor of Monterey Park, Calif. 1990, 1994, and 1999; member of the California state assembly, 2001-2006; member of the California state board of equalization, 2006-2009; vice chair, 2009"
R000620,Luz M. Rivas,California,Representative,"Ed.M., Harvard University, Cambridge, Mass., 2003"
F000483,Laura Friedman,California,Representative,"B.A., University of Rochester, Rochester, N.Y., 1988"
C001123,"Gilbert Ray Cisneros, Jr.",California,Representative,"B.A., George Washington University, Washington, D.C., 1994; M.B.A., Regis University, Denver, Colo., 2002; M.A., Brown University, Providence, R.I., 2015; United States Navy, 1989-1990, 1994-2004"
S000344,Brad Sherman,California,Representative,"B.A., University of California, Los Angeles, Calif., 1974; J.D., Harvard University, Cambridge, Mass., 1979"
A000371,Pete Aguilar,California,Representative,"B.S., University of Redlands, Redlands, Calif., 2001"
G000585,Jimmy Gomez,California,Representative,"attended Riverside Community College, Riverside, Calif., 1993-1996; B.A., University of California, Los Angeles, Calif., 1999; M.P.P., Harvard University, Cambridge, Mass., 2003"
T000474,Norma J. Torres,California,Representative,"attended Mount San Antonio College, Walnut, Calif., 1999-2000; attended Rio Hondo College, Whittier, Calif.; B.A., National Labor College, Silver Spring, Md., 2012"
L000582,Ted Lieu,California,Representative,"B.A., Stanford University, Stanford, Calif., 1991; B.S., Stanford University, Stanford, Calif., 1991; J.D., Georgetown University, Washington, D.C., 1994; United States Air Force, 1995-1999; United States Air Force Reserve, 2000-2021"
K000400,Sydney Kamlager-Dove,California,Representative,"graduated from Saint Ignatius College Preparatory School, Chicago, Ill.; attended Compton College, Compton, Calif.; B.A., University of Southern California, Los Angeles, Calif., 1994; M.A., Carnegie Mellon University, Pittsburgh, Pa., 1996"
S001156,Linda T. Sánchez,California,Representative,"B.A., University of California, Berkeley, Calif., 1991; J.D., University of California, Los Angeles, Calif., 1995"
T000472,Mark Takano,California,Representative,"A.B., Harvard University, Cambridge, Mass., 1983; M.F.A., University of California, Riverside, Calif., 2010"
K000397,Young Kim,California,Representative,"B.B.A., University of Southern California, Los Angeles, Calif., 1985"
C000059,Ken Calvert,California,Representative,"A.A., Chaffey College, Rancho Cucamonga, Calif., 1973; B.A., San Diego State University, San Diego, Calif., 1975"
G000598,Robert Garcia,California,Representative,"B.A. California State University, Long Beach, Calif., 2002; M.A., University of Southern California, Los Angeles, Calif., 2005; Ed.D., California State University, Long Beach, Calif., 2010"
W000187,Maxine Waters,California,Representative,"B.A., California State University, Los Angeles, Calif., 1970"
B001300,Nanette Diaz Barragán,California,Representative,"B.A., University of California, Los Angeles, Calif., 2000; J.D., University of Southern California, Los Angeles, Calif., 2005"
T000491,Derek Tran,California,Representative,"B.S., Bentley University, Waltham, Mass., 2003; J.D., Glendale University, Glendale, Calif., 2013"
C001110,J. Luis Correa,California,Representative,"B.A., California State University, Fullerton, Calif., 1980; J.D., University of California, Los Angeles, Calif., 1985; M.B.A., University of California, Los Angeles, Calif., 1985"
M001241,Dave Min,California,Representative,"B.A., University of Pennsylvania, Philadelphia, Pa., 1999; B.S., University of Pennsylvania, Philadelphia, Pa., 1999; J.D., Harvard University, Cambridge, Mass., 2002"
I000056,Darrell Issa,California,Representative,"B.A., Siena Heights College, Adrian, Mich., 1976; United States Army, 1970-1980"
L000593,Mike Levin,California,Representative,"B.A., Stanford University, Stanford, Calif., 2001; J.D., Duke University, Raleigh, N.C., 2005"
P000608,Scott H. Peters,California,Representative,"A.B., Duke University, Durham, N.C., 1980; J.D., New York University, New York, N.Y., 1984"
J000305,Sara Jacobs,California,Representative,"B.A., Columbia University, New York, N.Y., 2011; M.I.A., Columbia University, New York, N.Y., 2012; staff, United Nations, 2012-2014; staff, United States Department of State, 2014-2015"
V000130,Juan Vargas,California,Representative,"B.A., University of San Diego, San Diego, Calif., 1983; M.A., Fordham University, Bronx, N.Y., 1987; J.D., Harvard University, Cambridge, Mass., 1991"
H000273,John W. Hickenlooper,Colorado,Senator,"graduated The Haverford School, Haverford, Penn., 1970; B.A., English, Wesleyan University, 1974; M.S., geology, Wesleyan University, 1980"
B001267,Michael F. Bennet,Colorado,Senator,"B.A., Wesleyan University, Middletown, Conn., 1987; J.D., Yale Law School, 1993, editor-in-chief of the Yale Law Journal; counsel to U.S. deputy attorney general 1995-1997; special assistant U.S. attorney, Conn., 1997; managing director, Anschutz Investment Co. 1997-2003; chief of staff to mayor of Denver, Colo., 2003-2005; superintendent, Denver Public Schools 2005-2009"
D000197,Diana DeGette,Colorado,Representative,"B.A., Colorado College, Colorado Springs, Colo., 1979; J.D., New York University, New York, N.Y., 1982"
N000191,Joe Neguse,Colorado,Representative,"B.A., University of Colorado, Boulder, Colo., 2005; J.D., University of Colorado, Boulder, Colo., 2009"
H001100,Jeff Hurd,Colorado,Representative,"B.A., University of Notre Dame, Notre Dame, Ind., 2001; J.D., University of Denver, Denver Colo., 2008; L.L.M., Columbia University, New York, N.Y., 2010"
B000825,Lauren Boebert,Colorado,Representative,
C001137,Jeff Crank,Colorado,Representative,"B.A., Colorado State University, Fort Collins, Colo., 1990; staff, United States Representative Joel Hefley of Colorado, 1991-1998"
C001121,Jason Crow,Colorado,Representative,"B.A., University of Wisconsin, Madison, Wis., 2002; J.D., University of Denver, Denver, Colo., 2009; United States Army, 2002-2006"
P000620,Brittany Pettersen,Colorado,Representative,"B.A., Metropolitan State University of Denver, Denver, Colo., 2006"
E000300,Gabe Evans,Colorado,Representative,"B.A., Patrick Henry College, Purcellville, Virginia, 2009; attending Colorado State University, Fort Collins, Colo.; Virginia Army National Guard, 2007-2009; United States Army, 2009-2019; Colorado Army National Guard, 2009-2019"
M001169,Christopher Murphy,Connecticut,Senator,"B.A., Williams College, Williamstown, Mass., 1996; attended Exeter College, Oxford, England, 1994-1995; J.D., University of Connecticut, Hartford, Conn., 2002"
B001277,Richard Blumenthal,Connecticut,Senator,"graduated Harvard University, B.A., 1967; attended Cambridge University, 1967-1968; graduated Yale University, J.D., 1973"
L000557,John B. Larson,Connecticut,Representative,"B.A., Central Connecticut University, New Britain, Conn., 1971; member of the East Hartford, Conn., board of education, 1977-1979; member of the East Hartford, Conn., town council, 1979-1983"
C001069,Joe Courtney,Connecticut,Representative,"B.A., Tufts University, Medford, Mass., 1975; J.D., University of Connecticut, Storrs, Conn., 1978"
D000216,Rosa L. DeLauro,Connecticut,Representative,"B.A., Marymount College, Tarrytown, N.Y., 1964; attended the London School of Economics, London, England, 1962-1963; M.A., Columbia University, New York, N.Y., 1966; staff, Mayor Frank Logue of New Haven, Conn., 1976-1977"
H001047,James A. Himes,Connecticut,Representative,"A.B., Harvard University, Cambridge, Mass., 1988; M. Phil., Oxford University, Oxford, England, 1990"
H001081,Jahana Hayes,Connecticut,Representative,"A.A., Naugatuck Valley Community College, Waterbury, Conn., 2002; B.A., Southern Connecticut State University, New Haven, Conn., 2005; M.A., University of Saint Joseph, West Hartford, Conn., 2012; attended University of Bridgeport, Bridgeport, Conn., 2014"
N000147,Eleanor Holmes Norton,"Washington D.C. (District of Columbia, US Capitol)",Representative,"B.A., Antioch College, Yellow Springs, Ohio, 1960; M.A., Yale University, New Haven, Conn., 1963; LL.B., Yale University Law School, New Haven, Conn., 1964"
C001088,Christopher A. Coons,Delaware,Senator,"B.A., Amherst College, 1985; J.D., Yale University Law School, 1992; M.A.R., Yale Divinity School, 1992"
B001303,Lisa Blunt Rochester,Delaware,Senator,"graduated from Padua Academy, Wilmington, Del., 1980; B.A., Fairleigh Dickinson University, Rutherford, N.J., 1985; M.A., University of Delaware, Newark, Del., 2003"
M001238,Sarah McBride,Delaware,Representative,"graduated from Cab Calloway School of the Arts, Wilmington, Del., 2009; B.A., American University, Washington, D.C., 2013"
M001244,Ashley Moody,Florida,Senator,"B.S., accounting, University of Florida, 1996; M.A., accounting, University of Florida, 2000; J.D., University of Florida College of Law, 2000; LL.M., international law, Stetson University College of Law, Gulfport, Fla., 2010"
S001217,Rick Scott,Florida,Senator,"B.A., business administration, University of Missouri-Kansas City, 1975; J.D., Southern Methodist University, 1978"
P000622,Jimmy Patronis,Florida,Representative,"A.A., Gulf Coast Community College (now Gulf Coast State College), Panama City, Fla., 1994; B.A., Florida State University, Tallahassee, Fla., 1996"
D000628,Neal P. Dunn,Florida,Representative,"B.S., Washington & Lee University, Lexington, Va., 1975; M.D., George Washington University, Washington, D.C., 1979; United States Army, 1989-2010"
C001039,Kat Cammack,Florida,Representative,"attended the Semester at Sea program, University of Virginia in 2009; B.A., Metropolitan State University of Denver, Denver, Colo., 2011; M.S., Naval War College, Newport, R.I., 2018"
B001314,Aaron Bean,Florida,Representative,"B.S., Jacksonville University, Jacksonville, Fla., 1989"
R000609,John H. Rutherford,Florida,Representative,"attended Jacksonville Junior College, Jacksonville, Fla.; B.S., Florida State University, Tallahassee, Fla., 1974; graduated from Federal Bureau of Investigation National Academy, Quantico, Va."
F000484,Randy Fine,Florida,Representative,"A.B., Harvard University, Cambridge, Mass., 1996; M.B.A., Harvard University, Cambridge, Mass., 1998"
M001216,Cory Mills,Florida,Representative,"A.A., Florida State College, Jacksonville, Fla., 2005; B.S., American Military University, Charles Town, W. Va., 2010"
H001099,Mike Haridopolos,Florida,Representative,"B.A., Stetson University, DeLand, Fla., 1992; M.A., University of Arkansas, Fayetteville, Ark., 1993; faculty member, Brevard Community College (now Eastern Florida State College), Melbourne, Fla.; member of the Florida state house of representatives, 2000-2003; member of the Florida state senate, 2003-2012, president, 2010-2012; faculty member, University of Florida, Gainesville, Fla., 2008-2014"
S001200,Darren Soto,Florida,Representative,"B.A., Rutgers College, New Brunswick , N.J., 2000; J.D., George Washington University, Washington, D.C., 2004"
F000476,Maxwell Frost,Florida,Representative,"graduated from Osceola County School for the Arts, Kissimmee, Fla.; attended the Valencia College, Orlando, Fla."
W000806,Daniel Webster,Florida,Representative,"B.E.E., Georgia Institute of Technology, Atlanta, Ga., 1971"
B001257,Gus M. Bilirakis,Florida,Representative,"attended St. Petersburg Junior College, St. Petersburg, Fla., 1981-1983; B.A., University of Florida, Gainesville, Fla., 1986; J.D., Stetson University, St. Petersburg, Fla., 1989"
L000596,Anna Paulina Luna,Florida,Representative,"B.S., University of West Florida, Pensacola, Fla., 2018; United States Air Force, 2009-2014; Oregon Air National Guard, 2017-2018"
C001066,Kathy Castor,Florida,Representative,"B.A., Emory University, Atlanta, Ga., 1988; J.D., Florida State University, Tallahassee, Fla., 1991"
L000597,Laurel M. Lee,Florida,Representative,"B.A., University of Florida, Gainesville, Fla.; J.D., University of Florida, Gainesville, Fla., 1999"
B001260,Vern Buchanan,Florida,Representative,"B.B.A., Cleary University, Ann Arbor, Mich., 1975; M.B.A., University of Detroit, Detroit, Mich., 1986; Michigan Air National Guard, 1970-1976"
S001214,W. Gregory Steube,Florida,Representative,"B.S., University of Florida, Gainesville, Fla., 2000; J.D., University of Florida, Gainesville, Fla., 2003; United States Army, 2004-2008, Operation Iraqi Freedom, 2006-2007; member of the Florida state house of representatives, 2010-2016; member of the Florida state senate, 2016-2018"
F000472,Scott Franklin,Florida,Representative,"B.S., United States Naval Academy, Annapolis, Md., 1986; M.B.A., Embry-Riddle Aeronautical University, Daytona Beach, Fla., 1994; attended the Air Command and Staff College, Montgomery, Ala.; United States Navy, 1986-2000; United States Navy Reserve, 2000-2012"
D000032,Byron Donalds,Florida,Representative,"attended Florida A&M University, Tallahassee, Fla., 1996-1999; B.A., Florida State University, Tallahassee, Fla., 2002"
M001199,Brian J. Mast,Florida,Representative,"attended Palm Beach Atlantic University, West Palm Beach, Fla., 2000-2002; attended American Military University, Charles Town, W.Va., 2008-2010; A.L.B., Harvard University Extension School, Cambridge, Mass., 2016; United States Army, 2000-2012"
F000462,Lois Frankel,Florida,Representative,"B.A., Boston University, Boston, Mass., 1970; J.D., Georgetown University, Washington, D.C., 1973"
M001217,Jared Moskowitz,Florida,Representative,"B.A., George Washington University, Washington, D.C., 2003; J.D., Nova Southeastern University, Davie, Fla., 2007"
W000808,Frederica S. Wilson,Florida,Representative,"B.S., Fisk University, Nashville, Tenn., 1963; M.S., University of Miami, Coral Gables, Fla., 1972"
W000797,Debbie Wasserman Schultz,Florida,Representative,"B.A., University of Florida, Gainesville, Fla., 1988; M.A., University of Florida, Gainesville, Fla., 1990; staff, United States Representative Peter Deutsch of Florida, 1989-1992; member of the Florida state house of representatives, 1992-2000; member of the Florida state senate, 2000-2004"
D000600,Mario Diaz-Balart,Florida,Representative,"attended the University of South Florida, Tampa, Fla."
S000168,Maria Elvira Salazar,Florida,Representative,"graduated from the Deerborne School, Coral Gables, Fla., 1979; B.A., University of Miami, Coral Gables, Fla., 1983; M.P.A., Harvard University, Cambridge, Mass., 1995"
G000593,Carlos A. Gimenez,Florida,Representative,"B.P.A., Barry University, Miami Shores, Fla., 1999; attended Harvard University, Cambridge, Mass., 1993"
O000174,Jon Ossoff,Georgia,Senator,"graduated The Paideia School, Atlanta, Ga., 2005; B.S., Georgetown University School of Foreign Service, 2009; M.S., London School of Economics, 2013; intern in the office of Georgia Representative John Lewis, 2004"
W000790,Raphael G. Warnock,Georgia,Senator,"B.A., psychology, Morehouse College, 1991"
C001103,"Earl L. ""Buddy"" Carter",Georgia,Representative,"A.A., Young Harris College, Young Harris, Ga., 1977; B.S., University of Georgia, Athens, Ga., 1980"
B000490,"Sanford D. Bishop, Jr.",Georgia,Representative,"B.A., Morehouse College, Atlanta, Ga., 1968; J.D., Emory University, Atlanta, Ga., 1971"
J000311,Brian Jack,Georgia,Representative,"graduated from Woodward Academy, College Park, Ga.; B.A., Pepperdine University, Malibu, Calif., 2010"
J000288,"Henry C. ""Hank"" Johnson, Jr.",Georgia,Representative,"B.A., Clark College (Clark Atlanta University), Atlanta, Ga., 1976; J.D., Thurgood Marshall School of Law, Texas Southern University, Houston, Tex., 1979"
W000788,Nikema Williams,Georgia,Representative,"B.A., Talladega College, Talladega, Ala., 2000"
M001208,Lucy McBath,Georgia,Representative,"B.A., Virginia State University, Petersburg, Va., 1982; flight attendant"
M001218,Richard McCormick,Georgia,Representative,"B.S., Oregon State University, Corvallis, Oreg., 1990; M.B.A., National University, San Diego, Calif.; M.D., Morehouse School of Medicine, Atlanta, Ga., 2010; United States Marine Corps, 1990-2006; instructor, Morehouse College, Atlanta, Ga."
S001189,Austin Scott,Georgia,Representative,"graduated from Tiftarea Academy, Chula, Ga., 1987; B.B.A., University of Georgia, Athens, Ga., 1993"
C001116,Andrew S. Clyde,Georgia,Representative,"attended the University of Notre Dame, Notre Dame, Ind.; B.B.A., Bethel College, Mishawaka, Ind., 1985; M.B.A., University of Georgia, Athens, Ga., 1999; United States Navy, 1985-1996; United States Navy Reserve, 1996-2013"
C001129,Mike Collins,Georgia,Representative,"graduated from Piedmont Academy, Monticello, Ga., 1985; B.B.A., Georgia State University, Atlanta, Ga., 1990"
L000583,Barry Loudermilk,Georgia,Representative,"A.A., United States Air Force Community College, 1987; B.S., Wayland Baptist University, Plainview, Tex., 1992; United States Air Force, 1984-1992; chairman, Bartow County, Ga., Republican Party, 2001-2004"
A000372,Rick W. Allen,Georgia,Representative,"B.S., Auburn University, Auburn, Ala., 1973"
F000485,Clay Fuller,Georgia,Representative,"attended Cheshire Academy, Cheshire, Conn., 2000; B.A., Emory University, Atlanta, Ga.; M.P.A., Cornell University, Ithaca, N.Y.; J.D., Dedman School of Law, Southern Baptist University, Dallas, Tex., 2009; M.M.O.A.S., Air University; U.S. Air Force, 2010-2014; Alabama Air National Guard, 2014-present; Lookout Mountain, Ga., judicial circuit, assistant district attorney, 2015-2018; White House fellow during the Donald J. Trump administration, 2018-2019; Lookout Mountain, Ga., judicial circuit, district attorney, 2023-2026"
M001219,James C. Moylan,Guam (US Territory),Representative,"B.S., University of Guam, Mangilao, Guam"
S001194,Brian Schatz,Hawaii,Senator,"attended Punahou School in Honolulu, Hawaii; B.A. Pomona College 1994"
H001042,Mazie K. Hirono,Hawaii,Senator,"B.A., University of Hawaii, Manoa, Hawaii, 1970; J.D., Georgetown University, Washington, D.C., 1978"
C001055,Ed Case,Hawaii,Representative,"B.A., Williams College, Williamstown, Mass., 1975; J.D., University of California, San Francisco, Calif., 1981"
T000487,Jill N. Tokuda,Hawaii,Representative,"B.A., George Washington University, Washington, D.C., 1997"
G000386,Chuck Grassley,Iowa,Senator,"attended the public schools; graduated, University of Northern Iowa, Cedar Falls 1955; received a graduate degree from the same university in 1956; pursued graduate work, University of Iowa, Iowa City 1957-1958"
E000295,Joni Ernst,Iowa,Senator,"B.A., Iowa State University, 1992; M.P.A., Columbus College (now Columbus State University), Columbus, Ga., 1995; United States Army Reserves, 1993-2001; Iowa Army National Guard, 2001-present, attaining the rank of lieutenant colonel; auditor of Montgomery County, Iowa, 2005-2011; member of the Iowa state senate 2011-2014"
M001215,Mariannette Miller-Meeks,Iowa,Representative,"attended San Antonio Junior College, San Antonio, Texas; B.S.N., Texas Christian University, Fort Worth, Texas, 1976; M.S., University of Southern California, Los Angeles, Calif., 1980; M.D., University of Texas Health Science Center, San Antonio, Texas, 1986; United States Army, 1976-1982; United States Army Reserve, 1983-2000; assistant professor, University of Michigan, 1991-1994; assistant professor, University of Iowa, 1994-1997"
H001091,Ashley Hinson,Iowa,Representative,"B.A., University of Southern California, Los Angeles, Calif., 2004"
N000193,Zachary Nunn,Iowa,Representative,"B.A., Drake University, Des Moines, Iowa, 2002; M.S., Air Command and Staff College, Montgomery, Alabama; M. St., Cambridge University, Cambridge, England, 2007"
F000446,Randy Feenstra,Iowa,Representative,"B.A., Dordt College, Sioux Center, Iowa, 1991; M.P.A., Iowa State University, Ames, Iowa; Ph.D., Northcentral University, La Jolla, Calif., 2022"
R000584,James E. Risch,Idaho,Senator,"B.A., attended the University of Wisconsin, Milwaukee, 1961-1963; B.S. in Forestry, University of Idaho, 1965; J.D., University of Idaho College of Law, 1968; Ada County, Idaho, prosecuting attorney, 1970-1974"
C000880,Mike Crapo,Idaho,Senator,"B.A., Brigham Young University 1973; J.D., Harvard University School of Law 1977; admitted to the bar in 1977"
F000469,Russ Fulcher,Idaho,Representative,"B.S., Boise State University, Boise, Idaho, 1984; M.B.A., Boise State University, Boise, Idaho, 1988"
S001148,Michael K. Simpson,Idaho,Representative,"B.S., Utah State University, Logan, Utah, 1972; D.M.D., Washington University School of Dental Medicine, St. Louis, Mo., 1978"
D000563,Richard J. Durbin,Illinois,Senator,"B.S., Georgetown University School of Foreign Service, Washington, DC 1966; intern in the office of Illinois Senator Paul Douglas during his senior year in college; J.D., Georgetown University Law Center 1969; admitted to the Illinois bar 1969, and commenced practice in Springfield; legal counsel to Illinois Lieutenant Governor Paul Simon 1969-1972; legal counsel, Illinois State senate judiciary committee 1972-1982; Democratic nominee for lieutenant governor of Illinois 1978; associate professor, Southern Illinois University School of Medicine, Springfield 1978-1983; delegate, Democratic National Conventions 1984, 1988, 1992 and 1996; chairman of Illinois state delegation in 1996"
D000622,Tammy Duckworth,Illinois,Senator,"B.A., University of Hawaii, Manoa, Hawaii, 1989; M.A., The George Washington University, Washington, D.C., 1992; attended Northern Illinois University, DeKalb, Ill.; helicopter pilot, U.S. Army Reserve, 1992-1996; Illinois Army National Guard, 1996-2014, attaining the rank of lieutenant colonel"
J000309,Jonathan L. Jackson,Illinois,Representative,"B.S. North Carolina Agricultural and Technical University, Greensboro, NC, 1988; M.B.A., Northwestern University, Evanston, Ill., 1991"
K000385,Robin L. Kelly,Illinois,Representative,"B.A., Bradley University, Peoria, Ill., 1977; M.A., Bradley University, Peoria, Ill., 1982; Ph.D., Northern Illinois University, DeKalb, Ill., 2004"
R000617,Delia C. Ramirez,Illinois,Representative,"B.A., Northeastern Illinois University, Chicago, Ill."
G000586,"Jesús G. ""Chuy"" García",Illinois,Representative,"B.A., University of Illinois, Chicago, Ill., 1999; M.A., University of Illinois, Chicago, Ill., 2002; member of the Cook County, Ill., Democratic party, 1984-2000; member of the Chicago, Ill., city council, 1986-1992; member of the Illinois state senate, 1993-1999; member of the Cook County, Ill., board of commissioners, 2010-2018"
Q000023,Mike Quigley,Illinois,Representative,"B.A., Roosevelt University, Chicago, Ill., 1981; M.P.P., University of Chicago, Chicago, Ill., 1985; J.D., Loyola University School of Law, Chicago, Ill., 1989"
C001117,Sean Casten,Illinois,Representative,"B.A., Middlebury College, Middlebury, Vt., 1993; M.S., Dartmouth College, Hanover, N.H., 1998; M.E.M., Dartmouth College, Hanover, N.H., 1998"
D000096,Danny K. Davis,Illinois,Representative,"B.A., Arkansas A.M.&N. College, Pine Bluff, Ark., 1961; M.S., Chicago State University, Chicago, Ill., 1968; Ph.D., Union Institute, Cincinnati, Ohio, 1977; clerk, Chicago, Ill., Post Office, 1961-1965; teacher, Chicago, Ill., public schools, 1962-1968; executive director, Greater Lawndale Conservation Commission, 1969; director of training, Martin L. King Neighborhood Health Center, 1969-1971; executive director, Westside Health Planning Organization, 1975-1981; alderman, Chicago, Ill., city council, 1979-1990; commissioner, Cook County, Ill., board, 1990-1996; college professor"
K000391,Raja Krishnamoorthi,Illinois,Representative,"B.A., Princeton University, Princeton, N.J., 1995; J.D., Harvard Law School, Cambridge, Mass., 2000"
S001145,Janice D. Schakowsky,Illinois,Representative,"B.S., University of Illinois, Urbana-Champaign, Ill., 1965; director, Illinois State Council of Senior Citizens, 1985-1990; member of the Illinois state house of representatives, 1990-1998"
S001190,Bradley Scott Schneider,Illinois,Representative,"B.S., Northwestern University, Evanston, Ill., 1983; M.B.A., Northwestern University, Evanston, Ill., 1988"
F000454,Bill Foster,Illinois,Representative,"B.A. University of Wisconsin, Madison, Dane County, Wis., 1975; Ph.D., Harvard University, Cambridge, Mass., 1984"
B001295,Mike Bost,Illinois,Representative,"Certified Firefighter II Academy, University of Illinois, 1993; United States Marine Corps, 1979-1982"
B001315,Nikki Budzinski,Illinois,Representative,"B.A., University of Illinois, Urbana-Champaign, Ill., 1999"
U000040,Lauren Underwood,Illinois,Representative,"B.S.N., University of Michigan, Ann Arbor, Mich., 2008; M.S.N./M.P.H., Johns Hopkins University, Baltimore, Md., 2009"
M001211,Mary E. Miller,Illinois,Representative,"B.S., Eastern Illinois University, Charleston, Ill., 1981"
L000585,Darin LaHood,Illinois,Representative,"graduated from Spalding Institute, Peoria, Ill., 1986; B.A., Loras College, Dubuque, Iowa, 1990; J.D., John Marshall Law School, Chicago, Ill., 1997"
S001225,Eric Sorensen,Illinois,Representative,"B.S., Northern Illinois University, DeKalb, Ill., 1999"
B001299,Jim Banks,Indiana,Senator,"B.A., Indiana University, Bloomington, Ind., 2004; M.B.A., Grace College and Seminary, Winona Lake, Ind., 2013; United States Navy Reserve, 2012-present, Afghanistan War Veteran, 2014-2015"
Y000064,Todd Young,Indiana,Senator,"B.S., United States Naval Academy, Annapolis, Md., 1995; M.B.A., University of Chicago, Chicago, Ill., 2000; M.A., University of London, London, England, 2001; J.D., Robert H. McKinney School of Law, Indiana University, Indianapolis, Ind., 2006; United States Navy, 1990-1991; United States Marine Corps, 1995-2000; staff, United States Senator Richard Lugar of Indiana, 2001-2003; Orange County, Ind., assistant deputy prosecutor, 2007-2010"
M001214,Frank J. Mrvan,Indiana,Representative,"B.A., Ball State University, Muncie, Ind., 1992"
Y000067,Rudy Yakym III,Indiana,Representative,"A.S., Indiana University South Bend, South Bend, Ind., 2009; B.S., Indiana University South Bend, South Bend, Ind., 2011; M.B.A., University of Notre Dame, Notre Dame, Ind., 2019"
S001188,Marlin A. Stutzman,Indiana,Representative,"attended Trine State University, Angola, Ind.; attended Glen Oaks Community College, Centreville, Mich."
B001307,James R. Baird,Indiana,Representative,"B.S., Purdue University, West Lafayette, Ind., 1967; M.S., Purdue University, West Lafayette, Ind., 1969; Ph.D., University of Kentucky, Lexington, Ky., 1975; United States Army, 1969-1972"
S000929,Victoria Spartz,Indiana,Representative,"B.S., National University of Economics, Kyiv, Ukraine; M.B.A., National University of Economics, Kyiv, Ukraine, 2000; M.P.A, Indiana University Kelley School of Business, Bloomington, Ind. 2006"
S001229,Jefferson Shreve,Indiana,Representative,"B.A., Indiana University, Bloomington, Ind., 1989; M.A., University of London, London, England, 1998; M.B.A., Purdue University, West Lafayette, Ind., 2003"
C001072,André Carson,Indiana,Representative,"B.A., Concordia University Wisconsin, Mequon, Wis., 2003; M.S., Indiana Wesleyan University, Marion, Ind., 2005"
M001233,Mark B. Messmer,Indiana,Representative,"B.S., Purdue University, West Lafayette, Ind., 1985"
H001093,Erin Houchin,Indiana,Representative,"B.A., Indiana University, Bloomington, Ind.; M.A., George Washington University, Washington, D.C."
M000934,Jerry Moran,Kansas,Senator,"graduated University of Kansas, Lawrence, Kans., B.S., 1976; graduated Kansas University School of Law, Lawrence, Kans., J.D., 1981"
M001198,Roger Marshall,Kansas,Senator,"A.S., Butler Community College, El Dorado, Kans., 1980; B.S., Kansas State University, Manhattan, Kan; M.D. University of Kansas School of Medicine, Kansas City, Kans, 1987; United States Army Reserves, 1984-1991"
M000871,Tracey Mann,Kansas,Representative,"B.A., Kansas State University, Manhattan, Kans., 2000"
S001228,Derek Schmidt,Kansas,Representative,"attended Independence Community College, Independence, Kans.; B.S., University of Kansas, Lawrence, Kans., 1990; M.A. University of Leicester; Leicester, United Kingdom, 1993; J.D., Georgetown University, Washington, DC, 1996; S.J.D., University of Kansas School of Law, Lawrence, Kansas, 2015; staff, United States Senator Nancy Landon Kassebuam, 1991-1996; staff, United States Senator Charles Timothy (Chuck) Hagel, 1997-1998"
D000629,Sharice Davids,Kansas,Representative,"attended Haskell Indian Nations University, Lawrence, Kans.; attended University of Kansas, Lawrence, Kans.; A.A., Johnson County Community College, Overland Park, Kans., 2003; B.A., University of Missouri, Kansas City, Mo., 2007; J.D., Cornell University, Ithaca, N.Y., 2010"
E000298,Ron Estes,Kansas,Representative,"B.A., Tennessee Technological University, Cookeville, Tenn., 1973; M.B.A., Tennessee Technological University, Cookeville, Tenn., 1983"
M000355,Mitch McConnell,Kentucky,Senator,"attended Louisville, Ky. public schools; graduated, University of Louisville 1964; graduated, University of Kentucky Law School, Lexington 1967; admitted to the Kentucky bar in 1967; legislative assistant to Senator Marlow Cook 1968-1970; Deputy Assistant United States Attorney for Legislative Affairs 1974-1975; Acting Assistant Attorney General 1975"
P000603,Rand Paul,Kentucky,Senator,"attended Baylor University, 1981-1984; graduated Duke University, M.D., 1988"
C001108,James Comer,Kentucky,Representative,"B.S., Western Kentucky University, Bowling Green, Ky., 1993"
G000558,Brett Guthrie,Kentucky,Representative,"B.S., United States Military Academy, West Point, N.Y., 1987; M.P.P.M., Yale University, New Haven, Conn., 1997; United States Army, 1987-1990; United States Army Reserve, 1990-2002"
M001220,Morgan McGarvey,Kentucky,Representative,"B.A., University of Missouri, Columbia, Missouri, 2002; J.D., University of Kentucky, Lexington, Kentucky, 2007; staff, United States Representative A. B. (Ben) Chandler of Kentucky, 2004"
M001184,Thomas Massie,Kentucky,Representative,"B.S., Massachusetts Institute of Technology, Cambridge, Mass., 1993, M.S., Massachusetts Institute of Technology, Cambridge, Mass., 1996"
R000395,Harold Rogers,Kentucky,Representative,"attended Western Kentucky University, Bowling Green, Ky., 1956-1957; A.B., University of Kentucky, Lexington, Ky., 1962; LL.B., University of Kentucky, Lexington, Ky., 1964; staff sergeant, Kentucky and North Carolina Army National Guard, 1956-1963"
B001282,Andy Barr,Kentucky,Representative,"B.A., University of Virginia, Charlottesville, Va., 1996; J.D., University of Kentucky, Lexington, Ky., 2001"
C001075,Bill Cassidy,Louisiana,Senator,"B.S., Louisiana State University, Baton Rouge, La., 1979; M.D., Louisiana State University Medical School, New Orleans, La., 1983"
K000393,John Kennedy,Louisiana,Senator,"B.A., Vanderbilt University, 1973; J.D., University of Virginia School of Law, 1977; B.C.L., Oxford University, Oxford, England, 1979"
S001176,Steve Scalise,Louisiana,Representative,"B.S., Louisiana State University, Baton Rouge, La., 1989"
C001125,Troy A. Carter,Louisiana,Representative,"B.A., Xavier University, New Orleans, La., 1986; attended Carnegie Mellon University, Pittsburgh, Pa."
H001077,Clay Higgins,Louisiana,Representative,"attended Louisiana State University, Baton Rouge, La., 1979-1983, 1989-1990"
J000299,Mike Johnson,Louisiana,Representative,"B.S., Louisiana State University, Baton Rouge, La., 1995; J.D., Louisiana State University, Baton Rouge, La., 1998"
L000595,Julia Letlow,Louisiana,Representative,"B.A., University of Louisiana, Monroe, La., 2002; M.A., University of Louisiana, Monroe, La., 2005; Ph.D., University of South Florida, Tampa, Fla., 2011; ombudsperson and special projects coordinator, University of Louisiana, Monroe, La.; director, education, resident patient safety, and quality improvement, and clinical instructor, Tulane University, New Orleans, La.; director, marketing and communications, University of Louisiana, Monroe, La.; executive director, external affairs and strategic communications, University of Louisiana, Monroe, La., 2018-2019; executive assistant to president for external affairs and community outreach, University of Louisiana, Monroe, La."
F000110,Cleo Fields,Louisiana,Representative,"B.A., Southern University, 1984, J.D., Southern University Law Center, 1987"
M000133,Edward J. Markey,Massachusetts,Senator,"attended Immaculate Conception Grammar School, Malden, Mass.; B.A., Boston College, Chestnut Hill, Mass., 1968; J.D., Boston College Law School, Chestnut Hill, Mass., 1972"
W000817,Elizabeth Warren,Massachusetts,Senator,"attended George Washington University, 1966-1968; graduated University of Houston, B.S., 1970; graduated Rutgers University, J.D., 1976"
N000015,Richard E. Neal,Massachusetts,Representative,"B.A., American International College, Springfield, Mass., 1972; M.A., University of Hartford, West Hartford, Conn., 1976; staff, Mayor William C. Sullivan, Springfield, Mass., 1973-1978; member of the Springfield, Mass., city council, 1978-1984; Mayor of Springfield, Mass., 1984-1988"
M000312,James P. McGovern,Massachusetts,Representative,"graduated from Worcester Academy, Worcester, Mass, 1977; B.A., American University, Washington, D.C., 1981; M.P.A., American University, Washington, D.C., 1984"
T000482,Lori Trahan,Massachusetts,Representative,"B.S., Georgetown University, Washington, D.C., 1995; attended Harvard University, Cambridge, Mass., 2013"
A000148,Jake Auchincloss,Massachusetts,Representative,"A.B., Harvard University, Cambridge, Mass., 2010; M.B.A., Massachusetts Institute of Technology, Cambridge, Mass., 2016; United States Marine Corps, 2010-2015; member of the Newton, Mass., city council, 2016-2020"
C001101,Katherine M. Clark,Massachusetts,Representative,"B.A., Saint Lawrence University, Canton, N.Y., 1985; J.D., Cornell University, Ithaca, N.Y., 1989; M.P.A., John F. Kennedy School of Government, Harvard University, Cambridge, Mass., 1997"
M001196,Seth Moulton,Massachusetts,Representative,"graduated from Phillips Academy Andover, Andover, Mass., 1997; B.S., Harvard University, Cambridge, Mass., 2001; M.B.A., M.P.P., Harvard University, Cambridge, Mass., 2011; United States Marine Corps, 2002-2008"
P000617,Ayanna Pressley,Massachusetts,Representative,"graduated from Francis W. Parker School, Chicago, Ill., 1992; attended Boston University, Boston, Mass., 1992-1994; staff, United States Representative Joseph P. Kennedy II of Massachusetts, 1996; staff, United States Senator John Kerry of Massachusetts, 1996-2009; member of the Boston, Mass., city council, 2010-2019"
L000562,Stephen F. Lynch,Massachusetts,Representative,"J.D., Boston College, Chestnut Hill, Mass., 1991; M.A., Harvard University, Cambridge, Mass., 1998; member of the Massachusetts state house of representatives, 1995-1996; member of the Massachusetts state senate, 1997-2001"
K000375,William R. Keating,Massachusetts,Representative,"B.A., Boston College, Chestnut Hill, Mass., 1974; M.B.A., Boston College, Chestnut Hill, Mass., 1982; J.D., Suffolk University, Boston, Mass., 1985; member of the Massachusetts state house of representatives, 1977-1984; member of the Massachusetts state senate, 1985-1998; Norfolk County, Mass. district attorney, 1998-2010"
A000382,Angela D. Alsobrooks,Maryland,Senator,"B.A., public policy and Afro-American studies, Duke University, Durham, N.C., 1993; J.D., University of Maryland School of Law, Baltimore, Md., 1996; admitted to the Maryland bar in 1996; intern in the office of District of Columbia Delegate Eleanor Holmes Norton 1993; law clerk to Circuit Court Judge William D. Quarles 1996-1997; assistant state’s attorney, Prince George’s County, Md., 1997-2002; executive liaison for the Prince George’s County Executive 2002-2004; executive director of the Prince George’s County Revenue Authority 2004-2010; state’s attorney of Prince George’s County 2011-2018; executive of Prince George’s County 2018-2024"
V000128,Chris Van Hollen,Maryland,Senator,"B.A., Swarthmore College, Swarthmore, Pa., 1982; M.P.P., Harvard University, Cambridge, Mass., 1985; J.D., Georgetown University, Washington, D.C., 1990"
H001052,Andy Harris,Maryland,Representative,"B.S., Johns Hopkins University, Baltimore, Md., 1977; M.D., Johns Hopkins University, Baltimore, Md., 1980; M.H.S., Johns Hopkins University, Baltimore, Md., 1995"
O000176,"Johnny Olszewski, Jr.",Maryland,Representative,"B.A., Goucher College, Baltimore, Md., 2004; M.A., The George Washington University, Washington, D.C., 2006; Ph.D., University of Maryland Baltimore County, Baltimore, Md., 2017"
E000301,Sarah Elfreth,Maryland,Representative,"B.A., Towson University, Towson, Md., 2010; M.S., Johns Hopkins University, Baltimore, Md., 2012; staff, office of government and community affairs, Johns Hopkins Institutions, 2010-2012; government affairs director, National Aquarium, Baltimore, Md., 2012-2016; adjunct professor, Towson University, Towson, Md., 2019-2024; member of the Maryland state senate, 2019-2025"
I000058,Glenn Ivey,Maryland,Representative,"A.B., Princeton University, Princeton, N.J., 1983; J.D., Harvard University, Cambridge, Mass., 1986"
H000874,Steny H. Hoyer,Maryland,Representative,"B.S., University of Maryland, College Park, 1963; J.D., Georgetown University Law Center, Washington, D.C., 1966"
M001232,April McClain Delaney,Maryland,Representative,"B.A., Northwestern University, Evanston, Ill., 1986; J.D., Georgetown University Law Center, Washington, D.C., 1989"
M000687,Kweisi Mfume,Maryland,Representative,"B.S., Morgan State University, Baltimore, Md., 1976; M.A., Johns Hopkins University, Baltimore, Md., 1984; assistant professor, Morgan State University, Baltimore, Md."
R000606,Jamie Raskin,Maryland,Representative,"A.B., Harvard College, Cambridge, Mass., 1983; J.D. Harvard University, Cambridge, Mass., 1987; assistant attorney general, office of the Mass. state attorney general, 1987-1989; professor, American University Washington College of Law, Washington, D.C., 1990-2017; member of the Maryland state senate, 2007-2016, majority whip, 2012-2016"
K000383,"Angus S. King, Jr.",Maine,Senator,"graduated Dartmouth College, B.A., 1966; graduated University of Virginia, J.D., 1969"
C001035,Susan M. Collins,Maine,Senator,"graduated from St. Lawrence University, Canton, NY 1975"
P000597,Chellie Pingree,Maine,Representative,"attended University of Southern Maine, Portland, Maine, 1973; B.A., College of the Atlantic, Bar Harbor, Maine, 1979"
G000592,Jared F. Golden,Maine,Representative,"attended University of Maine, Farmington, Maine, 2001-2002; B.A., Bates College, Lewiston, Maine, 2011; United States Marines Corps, 2002-2006"
S001208,Elissa Slotkin,Michigan,Senator,"graduated from the Cranbrook Schools, Bloomfield Hills, Mich., 1994; A.B., Cornell University, Ithaca, N.Y., 1998; M.A., Columbia University, New York, N.Y., 2003"
P000595,Gary C. Peters,Michigan,Senator,"B.A., Alma College, Alma, Mich., 1980; M.B.A., finance, University of Detroit, Detroit, Mich., 1984; J.D., Wayne State University, Detroit, Mich., 1989; M.A., philosophy, Michigan State University, East Lansing, Mich., 2007; diploma, Naval Command and Staff, U.S. Naval War College, Newport, R.I., 2018; M.A., political science, Wayne State University, Detroit, Mich., 2020"
B001301,Jack Bergman,Michigan,Representative,"B.A., Gustavus Adolphus College, St. Peter, Minn., 1969; M.B.A., University of West Florida, Pensacola, Fla., 1975; United States Marine Corps, 1969-2009"
M001194,John R. Moolenaar,Michigan,Representative,"B.A., Hope College, Holland, Mich., 1983; M.P.A., Harvard University, Cambridge, Mass., 1989"
S001221,Hillary J. Scholten,Michigan,Representative,"B.A., Gordon College, Wenham, Mass., 2004; J.D., University of Maryland School of Law, Baltimore, Md., 2011"
H001058,Bill Huizenga,Michigan,Representative,"B.A., Calvin College, Grand Rapids, Mich., 1991"
W000798,Tim Walberg,Michigan,Representative,"attended Western Illinois University, Macomb, Ill., 1969-1970; attended Moody Bible College Institute, Chicago, Ill., 1970-1973; B.S., Fort Wayne Bible College, Fort Wayne., Ind., 1975; M.A., Wheaton College, Wheaton, Ill., 1978"
D000624,Debbie Dingell,Michigan,Representative,"graduated from the Academy of the Sacred Heart, Bloomfield Hills, Mich., 1971; B.S.F.S., Georgetown University, Washington, D.C., 1975; M.S., Georgetown University, Washington, D.C., 1996"
B001321,Tom Barrett,Michigan,Representative,"B.A., Western Michigan University, Kalamazoo, Mich., 2007; United States Army, 2000-2022"
M001237,Kristen McDonald Rivet,Michigan,Representative,"B.A., Michigan State University, East Lansing, Mich., 1992; M.P.A, University of Michigan Flint, Flint, Mich., 2010"
M001136,Lisa C. McClain,Michigan,Representative,"attended Lansing Community College, Lansing, Mich.; B.B.A., Northwood University, Midland, Mich., 1997"
J000307,John James,Michigan,Representative,"B.S., United States Military Academy, West Point, N.Y., 2004; M.P.A., Pennsylvania State University, State College, Pa., 2014; M.B.A., University of Michigan, Ann Arbor, Mich., 2015; United States Army, 2004-2012"
S001215,Haley M. Stevens,Michigan,Representative,"B.A., American University, Washington, D.C., 2005; M.A., American University, Washington, D.C., 2007"
T000481,Rashida Tlaib,Michigan,Representative,"B.A., Wayne State University, Detroit, Mich., 1998; J.D., Western Michigan University, Lansing, Mich., 2004"
T000488,Shri Thanedar,Michigan,Representative,"B.S., Karnatak University, Dharwad, India, 1973; M.S., University of Bombay (now University of Mumbai), Bombay, India, 1977; Ph.D., University of Akron, Akron, Ohio, 1982; postdoctoral research, University of Michigan, Ann Arbor, Mich., 1982-1984; M.B.A., Fontbonne University, St. Louis, Mo., 1987"
K000367,Amy Klobuchar,Minnesota,Senator,"attended the public schools in Plymouth; graduated magna cum laude Yale University 1982; J.D., University of Chicago 1985"
S001203,Tina Smith,Minnesota,Senator,"B.A., Stanford University, 1980; M.B.A., Dartmouth College, Tuck School of Business, 1984"
F000475,Brad Finstad,Minnesota,Representative,"B.S., University of Minnesota, Minneapolis, Minn.; staff, United States Representative Mark Kennedy of Minnesota, 2001-2002"
C001119,Angie Craig,Minnesota,Representative,"B.A., University of Memphis, Memphis, Tenn., 1994"
M001234,Kelly Morrison,Minnesota,Representative,"graduated from The Blake School, Minneapolis, Minn., 1987; B.A., Yale University, New Haven, Conn., 1991; attended Boston University, Boston, Mass.; M.D., Case Western Reserve University, Cleveland, Ohio, 1997"
M001143,Betty McCollum,Minnesota,Representative,"A.A., Inver Hills Community College, Inver Grove Heights, Minn., 1980; B.A., College of St. Catherine, St. Paul, Minn., 1987; member of the Minnesota state house of representatives, 1992-2001"
O000173,Ilhan Omar,Minnesota,Representative,"B.A., North Dakota State University, Fargo, N. Dak., 2011; B.S., North Dakota State University, Fargo, N. Dak., 2011"
E000294,Tom Emmer,Minnesota,Representative,"graduated from St. Thomas Academy, Mendota Heights, Minn., 1979; B.A., University of Alaska, Fairbanks, Alaska, 1984; J.D., Mitchell College of Law, St. Paul, Minn., 1988"
F000470,Michelle Fischbach,Minnesota,Representative,"attended College of Saint Benedict, St. Joseph, Minn., 1984-1986; B.A., St. Cloud State University, St. Cloud, Minn., 1989; J.D., William Mitchell College of Law, Saint Paul, Minn., 2011; member of the Paynesville, Minn., city council, 1996-1996; member of the Minnesota state senate, 1996-2018; lieutenant governor of Minnesota, 2018-2019"
S001212,Pete Stauber,Minnesota,Representative,"B.S., Lake Superior State University, Sault Sainte Marie, Mich., 1990"
S001227,Eric Schmitt,Missouri,Senator,"B.A., political science, Truman State University, Kirksville, Mo., 1997; J.D., Saint Louis University School of Law, 2000"
H001089,Josh Hawley,Missouri,Senator,"B.A., history, Stanford University, 2002; J.D., Yale Law School, 2006"
B001324,Wesley Bell,Missouri,Representative,"attended St. Louis Community College-Florissant Valley, Ferguson, Mo.; B.A., Lindenwood University, Saint Charles, Mo., 2011-2018; J.D., University of Missouri, Columbia, Mo.; faculty member, St. Louis Community College-Florissant Valley, Ferguson, Mo., 2011-2018"
W000812,Ann Wagner,Missouri,Representative,"graduated from Cor Jesu Academy, St. Louis, Mo., 1980; B.S.B.A., University of Missouri, Columbia, Mo., 1984"
O000177,"Robert F. Onder, Jr.",Missouri,Representative,"B.A., Washington University, St. Louis, Mo.; M.D., Washington University, St. Louis, Mo., 1987; J.D., St. Louis University, St. Louis, Mo."
A000379,Mark Alford,Missouri,Representative,"attended Lee College, Baytown, Tex.; attended Southwest Texas State College, San Marcos, Tex.; attended University of Texas, Austin, Tex."
C001061,Emanuel Cleaver,Missouri,Representative,"B.S., Prairie View A&M University, Prairie View, Tex., 1972; M.Div., St. Paul School of Theology, Kansas City, Mo., 1974"
G000546,Sam Graves,Missouri,Representative,"B.S., University of Missouri, Columbia, Mo., 1986; member of the Missouri state house of representatives, 1992-1994; member of the Missouri state senate, 1994-2000"
B001316,Eric Burlison,Missouri,Representative,"B.A., Missouri State University, Springfield, Mo.; M.B.A., Missouri State University, Springfield, Mo., 2002"
S001195,Jason Smith,Missouri,Representative,"B.S., University of Missouri, Columbia, Mo., 2001; J.D., Oklahoma City University School of Law, Oklahoma City, Oklahoma, 2004"
K000404,Kimberlyn King-Hinds,Northern Mariana Islands (US Territory),Representative,"B.A., Loyola Marymount University, Los Angeles, Calif., 2000; M.H.R.M., University of Hawaii, Manoa, Hawaii, 2007; J.D., University of Hawaii, Manoa, Hawaii, 2014"
H001079,Cindy Hyde-Smith,Mississippi,Senator,"graduated Copiah-Lincoln Community College; B.A., University of Southern Mississippi, 1981"
W000437,Roger F. Wicker,Mississippi,Senator,"B.A., University of Mississippi, University, Miss., 1973; J.D., University of Mississippi, University, Miss. 1975"
K000388,Trent Kelly,Mississippi,Representative,"A.A., East Central Community College, Decatur, Miss., 1986; B.A., University of Mississippi, University, Miss., 1989; J.D., University of Mississippi, Oxford, Miss., 1994; M.A., United States Army War College, Carlisle, Pa., 2010"
T000193,Bennie G. Thompson,Mississippi,Representative,"B.A., Tougaloo College, Tougaloo, Miss., 1968; M.S., Jackson State University, Jackson, Miss., 1972"
G000591,Michael Guest,Mississippi,Representative,"B.S., Mississippi State University, Starkville, Miss., 1993; J.D., University of Mississippi, Oxford, Miss., 1995; Madison and Rankin County, Miss., assistant district attorney, 1994-2008; Madison and Rankin County, Miss., district attorney, 2008-2019"
E000235,Mike Ezell,Mississippi,Representative,"graduated from Federal Bureau of Investigation National Academy, Quantico, Va., 1990; B.S., University of Southern Mississippi, Hattiesburg, Miss., 1997"
D000618,Steve Daines,Montana,Senator,"B.S., Montana State University, Bozeman, Mont., 1984"
S001232,Tim Sheehy,Montana,Senator,"graduated St. Paul Academy, St. Paul, Minn., 2004; B.S., United States Naval Academy, Annapolis, Md., 2008"
Z000018,Ryan K. Zinke,Montana,Representative,"B.S., University of Oregon, Eugene, Ore., 1984; M.B.A., National University, San Diego, Calif., 1991; M.S., University of San Diego, Calif., 2003; United States Navy, 1985-2008"
D000634,Troy Downing,Montana,Representative,"attended New York University, New York, N.Y.; United States Air Force and California Air National Guard, 2001-2009"
B001305,Ted Budd,North Carolina,Senator,"B.S., Appalachian State University, Boone, N.C., 1994; M.A., Dallas Theological Seminary, Dallas, Tex., 1998; M.B.A., Wake Forest University, Winston-Salem, N.C., 2007"
T000476,Thom Tillis,North Carolina,Senator,"B.A., University of Maryland University College, 1997"
D000230,Donald G. Davis,North Carolina,Representative,"B.S., United States Air Force Academy, Colorado Springs, Colo., 1994; M.S., Central Michigan University, Mt. Pleasant, Mich., 1997; M.A., East Carolina University, Greenville, N.C., 2001; Ed.D., East Carolina University, Greenville, N.C., 2007; United States Air Force, 1994-2001; assistant professor, East Carolina University, Greenville, N.C., 1998-2001; adjunct professor, East Carolina University, Greenville, N.C., 2001-2007"
R000305,Deborah K. Ross,North Carolina,Representative,"A.B., Brown University, Providence, R.I., 1985; J.D., University of North Carolina, Chapel Hill, N.C., 1990"
M001210,Gregory F. Murphy,North Carolina,Representative,"graduated from Davidson College, Davidson, N.C., 1985; M.D., University of North Carolina, Chapel Hill, N.C. 1989"
F000477,Valerie P. Foushee,North Carolina,Representative,"B.A., University of North Carolina, Chapel Hill, N.C., 2008; staff, Chapel Hill, N.C., police department, 1987-2008; member of the Chapel Hill-Carrboro City board of education, 1997-2004, chair, 2001-2003; member of the Orange County, N.C., board of commissioners, 2004-2012; chair, 2008-2010; member of the North Carolina state house of representatives, 2013; member of the North Carolina state senate, 2013-2022"
F000450,Virginia Foxx,North Carolina,Representative,"A.B., University of North Carolina, Chapel Hill, N.C., 1968; M.A.C.T., University of North Carolina, Chapel Hill, N.C., 1972; Ed.D., University of North Carolina, Greensboro, N.C., 1985; instructor, Caldwell Community College, Hudson, N.C.; instructor, Appalachian State University, Boone, N.C.; assistant dean, Appalachian State University, Boone, N.C.; president, Mayland Community College, Spruce Pine, N.C., 1987-1994"
M001240,Addison P. McDowell,North Carolina,Representative,"B.A., University of North Carolina, Charlotte, N.C., 2016; staff, United States Representative Theodore Paul Budd of North Carolina, 2017-2019"
R000603,David Rouzer,North Carolina,Representative,"B.S., North Carolina State University, Raleigh, N.C., 1994"
H001102,Mark Harris,North Carolina,Representative,"B.S., Appalachian State University, Boone, N.C., 1987; M. Div., Southeastern Baptist Theological Seminary, Wake Forest, N.C., 1991; D. Div., Southeastern Baptist Theological Seminary, Wake Forest, N.C., 2009"
H001067,Richard Hudson,North Carolina,Representative,"B.A., University of North Carolina, Charlotte, N.C., 1996"
H001101,Pat Harrigan,North Carolina,Representative,"B.S., West Point Military Academy, West Point, N.Y., 2009; United States Army, 2009-2014, Afghanistan War Veteran"
E000246,Chuck Edwards,North Carolina,Representative,"attended Blue Ridge Community College, Flat Rock, N.C., 1979-1983"
A000370,Alma S. Adams,North Carolina,Representative,"B.S., North Carolina Agricultural and Technical State University, Greensboro, N.C., 1968; M.S., North Carolina Agricultural and Technical State University, Greensboro, N.C., 1972; Ph.D., Ohio State University, Columbus, Ohio, 1981"
K000405,Brad Knott,North Carolina,Representative,"graduated from St. David’s School, Raleigh, N.C., 2005; B.A., Baylor University, Waco, Tex., 2009; J.D., Wake Forest University, Winston-Salem, N.C., 2012"
M001236,Tim Moore,North Carolina,Representative,"attended Campbell University, Buies Creek, N.C.; B.A., University of North Carolina, Chapel Hill, N.C., 1992; J.D., Oklahoma City University School of Law, Oklahoma City, Okla., 1995"
H001061,John Hoeven,North Dakota,Senator,"graduated Dartmouth College, B.A., 1979; graduated Northwestern University, M.B.A., 1981"
C001096,Kevin Cramer,North Dakota,Senator,"B.A., Concordia College, Moorhead, Minn., 1983; M.A., University of Mary, Bismarck, N.Dak., 2003; chairman, North Dakota Republican Party, 1991-1993; North Dakota state tourism director, 1993-1997"
F000482,Julie Fedorchak,North Dakota,Representative,"B.A., University of North Dakota, Grand Forks, N. Dak."
F000463,Deb Fischer,Nebraska,Senator,"graduated University of Nebraska, B.S., 1988"
R000618,Pete Ricketts,Nebraska,Senator,"B.A., biology, University of Chicago, 1986; M.B.A., marketing and finance, University of Chicago, 1991"
F000474,Mike Flood,Nebraska,Representative,"B.A., University of Notre Dame, Notre Dame, Ind., 1997; J.D., University of Nebraska College of Law, Lincoln, Nebr., 2001"
B001298,Don Bacon,Nebraska,Representative,"B.A., Northern Illinois University, DeKalb, Ill., 1984; M.B.A., University of Phoenix, Phoenix, Ariz., 1996; M.A., National War College, Washington, D.C., 2004; United States Air Force, 1985-2014; staff, United States Representative Jeff Fortenberry of Nebraska, 2014-2015; assistant professor, University of Bellevue, Bellevue, Nebr., 2014-2017"
S001172,Adrian Smith,Nebraska,Representative,"B.S., University of Nebraska, Lincoln, Nebr., 1993"
S001181,Jeanne Shaheen,New Hampshire,Senator,"B.A., Shippensburg State College, Shippensburg, Penn., 1969; M.S.S., University of Mississippi, 1973; New Hampshire State senator, 1990-1996; governor of New Hampshire, 1997-2003"
H001076,Margaret Wood Hassan,New Hampshire,Senator,"B.A., Brown University, Providence, R.I.., 1980; J.D., Northeastern University School of Law, Boston, Mass., 1985"
P000614,Chris Pappas,New Hampshire,Representative,"A.B., Harvard University, Cambridge, Mass., 2002"
G000604,Maggie Goodlander,New Hampshire,Representative,"graduated from Groton School, Groton, Mass., 2005; B.A., Yale University, New Haven, Conn., 2009; J.D., Yale Law School, New Haven, Conn., 2016"
K000394,Andy Kim,New Jersey,Senator,"attended Deep Springs College, Deep Springs, Calif., 2000-2002; B.A., University of Chicago, Chicago, Ill., 2004; Rhodes Scholar, Ph.D., Oxford University, Oxford, England, 2010; staff, United States Agency for International Development, 2005; staff, United States Department of State, 2009-2013; staff, United States Department of Defense, 2013; staff, National Security Council, 2013-2016"
B001288,Cory A. Booker,New Jersey,Senator,"B.A., Stanford University, 1991; M.A., Stanford University, 1992; attended The Queen’s College, University of Oxford, Oxford, England, as a Rhodes Scholar and received a graduate degree in 1994; J.D., Yale Law School, 1997"
N000188,Donald Norcross,New Jersey,Representative,"A.S., Camden County College, Camden, N.J., 1979"
V000133,Jefferson Van Drew,New Jersey,Representative,"B.S., Rutgers University, New Brunswick, N.J.; D.D.S., Fairleigh Dickinson University, Teaneck, N.J., 1979"
C001136,"Herbert C. Conaway, Jr.",New Jersey,Representative,"A.B., Princeton University, Princeton, N.J., 1985; M.D., Thomas Jefferson University, Philadelphia, P.A., 1989; J.D., Rutgers University, Camden, N.J., 1996"
S000522,Christopher H. Smith,New Jersey,Representative,"B.S., Trenton State College, Ewing, N.J., 1975; attended Worcester College, Worcester, England, 1974"
G000583,Josh Gottheimer,New Jersey,Representative,"B.A., University of Pennsylvania, Philadelphia, Pa., 1997; J.D., Harvard Law School, Cambridge, Mass., 2004; special assistant and speechwriter for President William J. Clinton, 1998-2001"
P000034,"Frank Pallone, Jr.",New Jersey,Representative,"B.A., Middlebury College, Middlebury, Vt., 1973; M.A., Fletcher School of Law and Diplomacy, Tufts University, Medford, Mass., 1974; J.D., Rutgers University School of Law, Camden, N.J., 1978"
K000398,"Thomas H. Kean, Jr.",New Jersey,Representative,"graduated from the Pingry School, Martinsville, N.J., 1986; A.B., Dartmouth College, Hanover, N.H., 1990; M.A.L.D., Tufts University, Medford, Mass., 1997; staff, United States Environmental Protection Agency, 1991-1993; staff, United States Representative Robert Douglas Franks of New Jersey, 1993-1995; instructor, Tufts University, Medford, Mass."
M001226,Robert Menendez,New Jersey,Representative,"graduated from the Hudson School, Hoboken, N.J., 2003; B.A., University of North Carolina at Chapel Hill, Chapel Hill, N.C., 2008; J.D., Rutgers Law School, Newark, N.J., 2011"
P000621,Nellie Pou,New Jersey,Representative,"attended Kean College of New Jersey (now Kean University), Union, N.J.; attended Rutgers University, New Brunswick, N.J.; attended University of Virginia, Charlottesville, Va.; staff, city of Paterson, N.J., 1975-1997"
M001229,LaMonica McIver,New Jersey,Representative,"B.A., Bloomfield College, Bloomfield, N.J., 2008; M.A., Seton Hall University, South Orange, N.J., 2011; staff, Newark Public Schools, Newark, N.J., 2006-2013"
M001246,Analilia Mejia,New Jersey,Representative,"B.A., Rutgers University, New Brunswick, N.J., 2000; M.P.A.P., Rutgers University, New Brunswick, N.J.; M.L.E.R., Rutgers University, New Brunswick, N.J."
W000822,Bonnie Watson Coleman,New Jersey,Representative,"B.A., Thomas Edison State College, Trenton, N.J., 1985; member of the New Jersey state assembly, 1998-2014, majority leader, 2006-2009; chair, New Jersey Democratic state committee, 2002-2006"
L000570,Ben Ray Luján,New Mexico,Senator,"attended University of New Mexico, Albuquerque, N.Mex., 1990-1995; B.B.A., New Mexico Highlands University, Las Vegas, N.Mex., 2007; member of the N.Mex. public regulation commission, 2004-2008; chairman, N.Mex. public regulation commission, 2005-2007"
H001046,Martin Heinrich,New Mexico,Senator,"B. S., University of Missouri, Columbia, Mo., 1995; attended University of New Mexico, Albuquerque, N. Mex., 2001-2002"
S001218,Melanie A. Stansbury,New Mexico,Representative,"B.A., Saint Mary's College of California, Moraga, Calif., 2002; M.S., Cornell University, Ithaca, N.Y., 2007"
V000136,Gabe Vasquez,New Mexico,Representative,"B.A., New Mexico State University, Las Cruces, N. Mex., 2008"
L000273,Teresa Leger Fernandez,New Mexico,Representative,"A.B., Yale University, New Haven, Conn., 1982; J.D. Stanford University, Stanford, Calif., 1987"
C001113,Catherine Cortez Masto,Nevada,Senator,"B.A., University of Nevada, 1986; J.D., Gonzaga University School of Law, 1990; admitted to the Nevada bar in 1990"
R000608,Jacky Rosen,Nevada,Senator,"B.A., University of Minnesota, Minneapolis, Minn., 1979"
T000468,Dina Titus,Nevada,Representative,"A.B., College of William and Mary, Williamsburg, Va., 1970; M.A., University of Georgia, Athens, Ga., 1973; Ph.D., Florida State University, Tallahassee, Fla., 1976; professor, University of Nevada, Las Vegas, Nev., 1977-2011; member of the Nevada state senate, 1989-2008, minority leader, 1993-2008"
A000369,Mark E. Amodei,Nevada,Representative,"B.A., University of Nevada, Reno, Nev., 1980; J.D., University of the Pacific, McGeorge School of Law, Sacramento, Calif., 1983; Judge Advocate General's Corps, United States Army, 1984-1987"
L000590,Susie Lee,Nevada,Representative,"B.A., Carnegie Mellon University, Pittsburgh, Pa., 1989; M.P.M., Carnegie Mellon University, Pittsburgh, Pa., 1990"
H001066,Steven Horsford,Nevada,Representative,"B.A., University of Nevada, Reno, Nev., 2014"
S000148,Charles E. Schumer,New York,Senator,"attended the public schools; A.B., Harvard University 1971; J.D., Harvard Law School 1974; admitted to the New York bar in 1975"
G000555,Kirsten E. Gillibrand,New York,Senator,"A.B., Dartmouth College, Hanover, N.H., 1988; J.D., University of California Los Angeles, Los Angeles, Calif., 1991"
L000598,Nick LaLota,New York,Representative,"B.S., United States Naval Academy, Annapolis, Md., 2000; M.B.A., Hofstra University, Hempstead, N.Y., 2012; J.D., Hofstra University, Hempstead, N.Y., 2020; United States Navy, 2000-2007"
G000597,Andrew R. Garbarino,New York,Representative,"B.A., George Washington University, Washington, D.C., 2006; J.D., Hofstra University, Hempstead, N.Y., 2009"
S001201,Thomas R. Suozzi,New York,Representative,"B.S., Boston College, Chestnut Hill, Mass., 1984; J.D., Fordham University, New York City, N.Y., 1989"
G000602,Laura Gillen,New York,Representative,"graduated from Sacred Heart Academy, Hempstead, New York; A.B., Georgetown University, Washington, D.C., 1991; J.D., New York University, New York, N.Y., 2000"
M001137,Gregory W. Meeks,New York,Representative,"B.A., Adelphi University, Garden City, N.Y., 1975; J.D., Howard University, Washington, D.C., 1978"
M001188,Grace Meng,New York,Representative,"A.B., University of Michigan, Ann Arbor, Mich., 1997; J.D., Yeshiva University, New York City, N.Y., 2002"
V000081,Nydia M. Velázquez,New York,Representative,"B.A., University of Puerto Rico, Rio Piedras, 1974; M.A., New York University, New York, N.Y., 1976; faculty, University of Puerto Rico, Humacao, P.R., 1976-1981; adjunct professor, Hunter College, City University of New York, N.Y., 1981-1983; staff, United States Representative Edolphus Towns of New York, 1983; member of the New York, N.Y., city council, 1984"
J000294,Hakeem S. Jeffries,New York,Representative,"B.A., Binghamton University, Vestal, N.Y., 1992; M.P.P., Georgetown University, Washington, D.C., 1994; J.D., New York University, New York, N.Y., 1997; law clerk, United States District Court for the Southern District of New York, 1997-1998"
C001067,Yvette D. Clarke,New York,Representative,"attended Oberlin College, Oberlin, Ohio, 1982-1986"
G000599,Daniel S. Goldman,New York,Representative,"graduated from Sidwell Friends School, Washington, D.C., 1994; B.A., Yale University, New Haven, Conn., 1998; J.D., Stanford University, Stanford, Calif., 2005"
M000317,Nicole Malliotakis,New York,Representative,"B.A., Seton Hall University, South Orange, N.J., 2001; M.B.A., Wagner University, Staten Island, N.Y., 2010; staff, New York Governor George Pataki, 2004-2006"
N000002,Jerrold Nadler,New York,Representative,"B.A., Columbia University, New York, N.Y., 1969; J.D., Fordham University, New York, N.Y., 1978; legislative assistant, New York state assembly, 1972; member of the New York state assembly, 1977-1992"
E000297,Adriano Espaillat,New York,Representative,"B.S., Queens College, New York City, N.Y., 1979; attended New York University, New York City, N.Y; attended Rutgers University, New Brunswick, N.J.; coordinator, New York City Criminal Justice Agency, 1980-1988; director, Washington Heights, N.Y., victim services community office, 1992-1994; director, Project Right Start, 1994-1996; member of the New York state assembly, 1996-2010; member of the New York state senate, 2010-2016"
O000172,Alexandria Ocasio-Cortez,New York,Representative,"B.A., Boston University, Boston, Mass., 2011"
T000486,Ritchie Torres,New York,Representative,"attended New York University, New York City, N.Y., 2006-2007"
L000606,George Latimer,New York,Representative,"B.A., Fordham University, New York, N.Y., 1974; M.P.A., New York University, New York, N.Y., 1976"
L000599,Michael Lawler,New York,Representative,"B.A., Manhattan College, New York City, N.Y., 2009"
R000579,Patrick Ryan,New York,Representative,"B.S., United States Military Academy, West Point, N.Y., 2004; M.A., Georgetown University, Washington, D.C., 2013; United States Army, 2004-2009"
R000622,Josh Riley,New York,Representative,"B.A., College of William and Mary, Williamsburg, Va., 2003; J.D., Harvard University, Cambridge, Mass., 2007"
T000469,Paul Tonko,New York,Representative,"B.S., Clarkson University, Potsdam, N.Y., 1971"
S001196,Elise M. Stefanik,New York,Representative,"graduated from Albany Academy for Girls, Albany, N.Y., 2002; A.B., Harvard University, Cambridge, Mass., 2006; staff, President George W. Bush administration, 2006-2009"
M001231,John W. Mannion,New York,Representative,"B.A., Binghamton University, Binghamton, N.Y.; M.S., State University of New York at Oswego, Oswego, N.Y."
L000600,Nicholas A. Langworthy,New York,Representative,"graduated from Pine Valley Central School, South Dayton, N.Y., 1999; B.A., Niagara University, Lewiston, N.Y., 2003"
T000478,Claudia Tenney,New York,Representative,"B.A., Colgate University, Hamilton Township, N.Y., 1983; J.D., Cincinnati University, Cincinnati, Ohio, 1987"
M001206,Joseph D. Morelle,New York,Representative,"B.A., SUNY Genesco, Genesco, N.Y., 1986"
K000402,Timothy M. Kennedy,New York,Representative,"graduated from St. Joseph's Collegiate Institute, Buffalo, N.Y., 1994; B.S., D'Youville College (now D'Youville University), Buffalo, N.Y., 1999; M.S., D'Youville College (now D'Youville University), Buffalo, N.Y., 1999"
M001242,Bernie Moreno,Ohio,Senator,"graduated Pinecrest Academy in Florida, 1985; B.A., business, University of Michigan, 1989"
H001104,Jon Husted,Ohio,Senator,"B.A., education, University of Dayton, 1989; M.A., communications, University of Dayton, 1992"
L000601,Greg Landsman,Ohio,Representative,"B.A., Ohio University, Athens, Ohio, 1999; M.A., Harvard University, Cambridge, Mass., 2004"
T000490,David J. Taylor,Ohio,Representative,"B.A., Miami University, Miami, Ohio, 1992, J.D., University of Dayton School of Law, Dayton, Ohio, 1996"
B001281,Joyce Beatty,Ohio,Representative,"B.A., Central State University, Wilberforce, Ohio, 1972; M.S., Wright State University, Fairborn, Ohio, 1974; attended University of Cincinnati, Cincinnati, Ohio"
J000289,Jim Jordan,Ohio,Representative,"B.S., University of Wisconsin, Madison, Wis., 1986; M.A., The Ohio State University, Columbus, Ohio, 1991; J.D., Capital University, Columbus, Ohio, 2001; coach, Ohio State University; member of the Ohio state house of representatives, 1995-2000; member of the Ohio state senate, 2001-2006"
L000566,Robert E. Latta,Ohio,Representative,"B.A., Bowling Green State University, Bowling Green, Ohio, 1978; J.D., University of Toledo, Toledo, Ohio, 1981"
R000619,Michael A. Rulli,Ohio,Representative,"graduated from Emerson College, Boston, Mass., 1991"
M001222,Max L. Miller,Ohio,Representative,"attended University of Arizona, Tucson, Ariz.; B.A., Cleveland State University, Cleveland, Ohio, 2013; United States Marine Corps Reserve, 2013-2019"
D000626,Warren Davidson,Ohio,Representative,"B.A., United States Military Academy, West Point, N.Y., 1995; M.B.A., University of Notre Dame, Notre Dame, Ind."
K000009,Marcy Kaptur,Ohio,Representative,"graduated from St. Ursula Academy, Toledo, Ohio, 1964; B.A., University of Wisconsin, Madison, Wis., 1968; M.A., University of Michigan, Ann Arbor, Mich., 1974; attended the University of Manchester, Manchester, England, 1974; post-graduate studies, Massachusetts Institute of Technology, Cambridge, Mass., 1981; urban planner, Toledo-Lucas County, Ohio, Plan Commissions, 1969-1975; director of planning, National Center for Urban Ethnic Affairs, 1975-1977"
T000463,Michael R. Turner,Ohio,Representative,"B.A., Ohio Northern University, Ada, Ohio, 1982; J.D., Case Western Reserve University, Cleveland, Ohio, 1985; M.B.A., University of Dayton, Dayton, Ohio, 1992; Ph.D., Georgetown University, Washington, D.C., 2022"
B001313,Shontel M. Brown,Ohio,Representative,"A.B., Cuyahoga Community College, Cleveland, Ohio"
B001306,Troy Balderson,Ohio,Representative,"attended Muskingum College, Muskingum, Ohio, 1980-1982; attended Ohio State University, Columbus, Ohio, 1982-1983"
S001223,Emilia Strong Sykes,Ohio,Representative,"B.A., Kent State University, Kent, Ohio, 2007; J.D., University of Florida, Gainesville, Fla., 2011; M.P.H, University of Florida, Gainesville, Fla., 2011"
J000295,David P. Joyce,Ohio,Representative,"B.S., University of Dayton, Dayton, Ohio, 1979; J.D., University of Dayton, Dayton, Ohio, 1982; Cuyahoga County, Ohio, public defender, 1983-1984; Geauga County, Ohio, public defender, 1985-1988; Geauga County, Ohio, prosecutor, 1988-2012"
C001126,Mike Carey,Ohio,Representative,"B.A., Ohio State University, Columbus, Ohio, 1993; United States Army Reserve, 1989-1999; staff, Ohio state senator Merle Grace Kearns, 1991-1993; staff, United States Representative Robert William Ney of Ohio, 1995-1998"
A000383,Alan Armstrong,Oklahoma,Senator,"B.S., civil engineering, University of Oklahoma, 1985"
L000575,James Lankford,Oklahoma,Senator,"B.S., University of Texas, Austin, Tex., 1990; M.Div., Southwestern Theological Baptist Seminary, Ft. Worth, Tex., 1994; youth camp director, 1996-2009"
H001082,Kevin Hern,Oklahoma,Representative,"B.S. Arkansas Tech University, Russellville, Ark., 1986; M.B.A., University of Arkansas, Little Rock, Ark., 1999"
B001317,Josh Brecheen,Oklahoma,Representative,"attended Southeastern Oklahoma State University, Durant, Okla.; B.S., Oklahoma State University, Stillwater, Okla., 2002"
L000491,Frank D. Lucas,Oklahoma,Representative,"B.S., Oklahoma State University, Stillwater, Okla., 1982"
C001053,Tom Cole,Oklahoma,Representative,"B.A., Grinnell College, Grinnell, Iowa, 1971; M.A., Yale University, New Haven, Conn., 1974; Ph.D., University of Oklahoma, Norman, Okla., 1984"
B000740,Stephanie I. Bice,Oklahoma,Representative,"B.A., Oklahoma State University, Stillwater, Okla., 1995"
M001176,Jeff Merkley,Oregon,Senator,"B.A., Stanford University, 1979; M.P.A., Princeton University, 1982"
W000779,Ron Wyden,Oregon,Senator,"attended the public schools of Palo Alto, Calif.; A.B., Stanford University 1971; J.D., University of Oregon Law School in Eugene 1974; director, Oregon Legal Services for the Elderly 1977-1979; public member, Oregon State Board of Examiners of Nursing Home Administrators 1977-1979"
B001278,Suzanne Bonamici,Oregon,Representative,"A.A., Lane Community College, Eugene, Oreg., 1978; B.A., University of Oregon, Eugene, Oreg., 1980; J.D., University of Oregon, Eugene, Oreg., 1983"
B000668,Cliff Bentz,Oregon,Representative,"B.S., Eastern Oregon State College, La Grande, Oreg., 1974; J.D., Lewis and Clark College, Portland, Oreg., 1977"
D000635,Maxine Dexter,Oregon,Representative,"B.A., University of Washington, Seattle, Wash.; M.D., University of Washington, Seattle, Wash., 2001"
H001094,Val T. Hoyle,Oregon,Representative,"attended Bunker Hill Community College, Boston, Mass.; B.A., Emmanuel College, Boston, Mass., 1992"
B001326,Janelle S. Bynum,Oregon,Representative,"graduated from Madeira School, McLean, Va., 1992; B.S., Florida Agricultural and Mechanical University, Tallahassee, Fla., 1996; M.B.A., University of Michigan, Ann Arbor, Mich., 2000"
S001226,Andrea Salinas,Oregon,Representative,"B.A., University of California, Berkeley, Calif., 1994"
M001243,David McCormick,Pennsylvania,Senator,"B.S., mechanical engineering, United States Military Academy, West Point, 1987; M.P.A., Princeton University, 1994; Ph.D., international relations, Princeton University, 1996; United States Army, 1987-1992"
F000479,John Fetterman,Pennsylvania,Senator,"B.A., business administration, Albright College, Reading, Penn., 1991; M.B.A., University of Connecticut, 1993; M.P.P., Kennedy School of Government, Harvard University, 1999"
F000466,Brian K. Fitzpatrick,Pennsylvania,Representative,"B.S.B.A., La Salle University, Philadelphia, Pa., 1996; M.B.A., Pennsylvania State University, University Park, Pa., 2001; J.D., Dickinson School of Law, Pennsylvania State University, Carlisle, Pa., 2001; judicial clerk, Eastern District of Pennsylvania, 2001-2002"
B001296,Brendan F. Boyle,Pennsylvania,Representative,"B.A., University of Notre Dame, Notre Dame, Ind., 1999; M.P.P., Harvard University Kennedy School of Government, Cambridge, Mass., 2005"
E000296,Dwight Evans,Pennsylvania,Representative,"A.A., Community College of Philadelphia, Philadelphia, Pa., 1973; B.A., La Salle University, Philadelphia, Pa., 1975"
D000631,Madeleine Dean,Pennsylvania,Representative,"attended Montgomery County College, Blue Bell, Pa.; attended Fels Institute of Government, University of Pennsylvania, Philadelphia, Pa.; B.A., La Salle University, Philadelphia, Pa., 1981; J.D., Widener University Delaware Law School, Chester, Pa., 1984"
S001205,Mary Gay Scanlon,Pennsylvania,Representative,"B.A., Colgate University, Hamilton, N.Y., 1980; J.D., University of Pennsylvania, Philadelphia, Pa., 1984"
H001085,Chrissy Houlahan,Pennsylvania,Representative,"graduated from St. George's School, Middletown, R.I., 1985; B.S., Stanford University, Stanford, Calif., 1989; M.S., Massachusetts Institute of Technology, Cambridge, Mass., 1994; United States Air Force, 1989-1991; United States Air Force Reserve, 1991-2004"
M001230,Ryan Mackenzie,Pennsylvania,Representative,"B.S., New York University, New York, N.Y., 2004; M.B.A., Harvard University, Cambridge, Mass., 2010"
B001327,"Robert P. Bresnahan, Jr.",Pennsylvania,Representative,"graduated from Wyoming Seminary, Kingston, Pa., 2008; B.S., University of Scranton, Scranton, Pa., 2012"
M001204,Daniel Meuser,Pennsylvania,Representative,"attended New York Maritime University (now SUNY Maritime College), Bronx, N.Y., 1982-1983; B.A., Cornell University, Ithaca, N.Y., 1986"
P000605,Scott Perry,Pennsylvania,Representative,"B.S., Pennsylvania State University, University Park, Pa., 1991; Pennsylvania Army National Guard, 1980-2019"
S001199,Lloyd Smucker,Pennsylvania,Representative,"attended Lebanon Valley College, Annville, Pa.; attended Franklin & Marshall College, Lancaster, Pa., 1988-1991"
L000602,Summer L. Lee,Pennsylvania,Representative,"B.A., Pennsylvania State University, University Park, Pa., 2009; J.D., Howard University, Washington, D.C., 2015"
J000302,John Joyce,Pennsylvania,Representative,"attended Pennsylvania State University, Altoona, Pa., 1975-1977; B.S., Pennsylvania State University, University Park, Pa., 1979; M.D., Temple University, Philadelphia, Pa., 1983; internal medicine, Johns Hopkins Hospital, Baltimore, Md., 1983-1986"
R000610,Guy Reschenthaler,Pennsylvania,Representative,"B.A., Behrend College, Pennsylvania State University, Erie, Pa., 2004; J.D., Duquesne University, Pittsburgh, Pa., 2007; United States Navy, 2007-2012"
T000467,Glenn Thompson,Pennsylvania,Representative,"B.S., Pennsylvania State University, University Park, Pa., 1981; M.Ed., Temple University, Philadelphia, Pa., 1988"
K000376,Mike Kelly,Pennsylvania,Representative,"B.A., Notre Dame University, South Bend, Ind., 1970"
D000530,Christopher R. Deluzio,Pennsylvania,Representative,"B.S., United States Naval Academy, Annapolis, Md., 2006; J.D., Georgetown University, Washington, D.C., 2013; United States Navy, 2006-2012"
H001103,Pablo José Hernández,Puerto Rico (US Territory),Representative,"A.B., Harvard College, Cambridge, Mass., 2013; J.D., Stanford University, Stanford, Calif., 2017"
R000122,Jack Reed,Rhode Island,Senator,"attended St. Matthew's Elementary School, Cranston, R.I.; graduated, LaSalle Academy, Providence, R.I., 1967; B.S., United States Military Academy, West Point 1971; M.P.P., Kennedy School of Government, Harvard University 1973; J.D., Harvard Law School 1982"
W000802,Sheldon Whitehouse,Rhode Island,Senator,"graduated Yale University 1978; J.D., University of Virginia 1982; director, Rhode Island Department of Business Regulation 1992-1994; United States attorney 1994-1998; Rhode Island State attorney general 1999-2003"
A000380,Gabe Amo,Rhode Island,Representative,"graduated from the Moses Brown School, Providence, R.I., 2005; B.A., Wheaton College, Norton, Mass., 2010; Marshall Scholar, Oxford University, Oxford, England, 2010"
M001223,Seth Magaziner,Rhode Island,Representative,"graduated from Milton Academy, Milton, Mass., 2002; B.A., Brown University, Providence, R.I., 2006; M.B.A., Yale University, New Haven, Conn., 2010"
G000359,Lindsey Graham,South Carolina,Senator,"B.A., University of South Carolina, Columbia 1977; J.D., University of South Carolina School of Law 1981; United States Air Force 1982-1988; South Carolina Air National Guard 1989-1995; United States Air Force Reserves 1995-present"
S001184,Tim Scott,South Carolina,Senator,"attended Presbyterian College, Clinton, S.C., 1983-1984; B.S., Charleston Southern University, Charleston, S.C., 1988"
M000194,Nancy Mace,South Carolina,Representative,"attended Trident Technical College, Charleston, S.C.; B.A., The Citadel, The Military College of South Carolina, Charleston, S.C., 1999; M.S., University of Georgia, Athens, Ga., 2004"
W000795,Joe Wilson,South Carolina,Representative,"B.A., Washington and Lee University, Lexington, Va., 1969; J.D., University of South Carolina, Columbia, S.C., 1972; United States Army Reserve, 1972-1975; South Carolina Army National Guard, 1975-2003"
B001325,Sheri Biggs,South Carolina,Representative,"graduated from Carolina Bible College, Anderson, S.C.; D.N.P., Samford University, Homewood, Ala."
T000480,William R. Timmons IV,South Carolina,Representative,"graduated from Christ Church Episcopal School, Greenville, S.C., 2002; B.A., The George Washington University, Washington, D.C., 2006; M.A., University of South Carolina, Columbia, S.C., 2009; J.D., University of South Carolina, Columbia, S.C., 2010; M.S., New York University, New York, N.Y., 2021; South Carolina Air National Guard, 2018-present"
N000190,Ralph Norman,South Carolina,Representative,"B.S., Presbyterian College, Clinton, S.C., 1975"
C000537,James E. Clyburn,South Carolina,Representative,"graduated from Mather Academy, Camden, S.C., 1957; B.A., South Carolina State University, Orangeburg, S.C., 1961"
F000478,Russell Fry,South Carolina,Representative,"B.A., University of South Carolina, Columbia, S.C., 2007; J.D., Charleston School of Law, Charleston, S.C., 2011"
T000250,John Thune,South Dakota,Senator,"B.S., Biola University, La Mirada, Calif., 1983; M.B.A., University of South Dakota, Vermillion, S. Dak., 1984"
R000605,Mike Rounds,South Dakota,Senator,"B.S., South Dakota State University, 1977"
J000301,Dusty Johnson,South Dakota,Representative,"B.A., University of South Dakota, Vermillion, S.Dak., 1999; M.P.A., University of Kansas, Lawrence, Kans., 2002; staff, Governor Mike Rounds of South Dakota, 2003-2005; member of the South Dakota public utilities commission, 2004-2011; staff, Governor Dennis Daugaard of South Dakota, 2011-2014"
H000601,Bill Hagerty,Tennessee,Senator,"B.A., Vanderbilt University, 1981; J.D., Vanderbilt University, 1984"
B001243,Marsha Blackburn,Tennessee,Senator,"B.S. Mississippi State University, Starkville, Miss., 1973"
H001086,Diana Harshbarger,Tennessee,Representative,"attended East Tennessee State University, Johnson City, Tenn.; Pharm.D, Mercer University, Atlanta, Ga., 1987"
B001309,Tim Burchett,Tennessee,Representative,"B.S., University of Tennessee, Knoxville, Tenn., 1988"
F000459,"Charles J. ""Chuck"" Fleischmann",Tennessee,Representative,"B.A., University of Illinois, Urbana-Champaign, Ill., 1983; J.D., University of Tennessee, Knoxville, Tenn., 1986"
D000616,Scott DesJarlais,Tennessee,Representative,"B.S., University of South Dakota, Vermillion, S.Dak., 1987; M.D., University of South Dakota, Vermillion, S.Dak., 1991"
O000175,Andrew Ogles,Tennessee,Representative,"B.S., Middle Tennessee State University, Murfreesboro, Tenn., 2007"
R000612,John W. Rose,Tennessee,Representative,"B.S., Tennessee Tech University, Cookeville, Tenn., 1988; M.S., Purdue University, West Lafayette, Ind., 1990; J.D., Vanderbilt University, Nashville, Tenn., 1993"
V000139,Matt Van Epps,Tennessee,Representative,"graduated from United States Military Academy, West Point, N.Y., 2005; M.P.A., University of North Carolina, Chapel Hill, N.C, 2019"
K000392,David Kustoff,Tennessee,Representative,"B.B.A., University of Memphis, Memphis, Tenn., 1989; J.D., University of Memphis, Memphis, Tenn., 1992"
C001068,Steve Cohen,Tennessee,Representative,"attended Polytechnic School, Pasadena, Calif., 1964-1966; B.A., Vanderbilt University, Nashville, Tenn., 1971; J.D., University of Memphis, Memphis, Tenn., 1973; attorney, Memphis Police Department, 1975-1978"
C001056,John Cornyn,Texas,Senator,"B.A., Trinity University 1973; J.D., St. Mary's School of Law 1977; LLM, University of Virginia 1995"
C001098,Ted Cruz,Texas,Senator,"graduated Princeton University, B.A., 1992; graduated Harvard University, J.D., 1995"
M001224,Nathaniel Moran,Texas,Representative,"attended the United States Military Academy, West Point, N.Y.; B.A., Texas Tech University, Lubbock, Tex., 1997; M.B.A., Texas Tech University, Lubbock, Tex., 1998; J.D., Texas Tech University, Lubbock, Tex., 2002"
C001120,Dan Crenshaw,Texas,Representative,"B.A., Tufts University, Medford, Mass., 2006; M.P.A., Harvard University, Cambridge, Mass., 2017; United States Navy, 2006-2016"
S001224,Keith Self,Texas,Representative,"B.S., United States Military Academy, West Point, N.Y., 1975; M.A., University of Southern California, Los Angeles, Calif., 1981; attended the United States Army Command and General Staff College, Leavenworth, Kans.; United States Army, 1975-1999, 2002-2003"
F000246,Pat Fallon,Texas,Representative,"attended the University of Massachusetts, Amherst, Mass.; B.A., University of Notre Dame, Notre Dame, Ind., 1990; United States Air Force, 1990-1994"
G000589,Lance Gooden,Texas,Representative,"B.A., University of Texas, Austin, Tex., 2004; B.B.A., University of Texas, Austin, Tex., 2004"
E000071,Jake Ellzey,Texas,Representative,"B.S., United States Naval Academy, Annapolis, Md., 1992; United States Navy, 1992-2012"
F000468,Lizzie Fletcher,Texas,Representative,"graduated from St. John's School, Houston, Tex., 1993; B.A., Kenyon College, Gambier, Ohio; 1997; J.D., College of William & Mary, Williamsburg, Va., 2006"
L000603,Morgan Luttrell,Texas,Representative,"B.S., Sam Houston State University, Huntsville, Tex., 2000; M.S., University of Texas at Dallas, Richardson, Tex., 2016; attended Harvard University, Cambridge Mass.; United States Navy, 2000-2014"
G000553,Al Green,Texas,Representative,"attended Florida A&M University, Tallahassee, Fla., 1966-1971; attended Tuskegee University, Tuskegee, Ala.; J.D., Texas Southern University, Houston, Tex., 1974"
M001157,Michael T. McCaul,Texas,Representative,"graduated from Jesuit College Preparatory School, Dallas, Tex., 1980; B.S., Trinity University, San Antonio, Tex., 1984; J.D., St. Mary's University, San Antonio, Tex., 1987"
P000048,August Pfluger,Texas,Representative,"B.S., United States Air Force Academy, Colorado Springs, Colo., 2000; M.S.A., Embry-Riddle Aeronautical University, Daytona Beach, Fla., 2007; M.S., Air University, Montgomery, Ala., 2012; M.A., Georgetown University, Washington, D.C., 2019"
G000601,Craig A. Goldman,Texas,Representative,"graduated from Trinity Valley School, Fort Worth, Tex., 1987; B.A., University of Texas at Austin, Austin, Tex., 1991"
J000304,Ronny Jackson,Texas,Representative,"A.S., South Plains College, Levelland, Tex., 1988; B.S., Texas Agricultural and Mechanical University, Galveston, Tex., 1991; M.D., University of Texas Medical Branch, Galveston, Tex., 1995; United States Navy Reserve, 1991-1995; United States Navy, 1995-2019, rear admiral; physician, White House Medical Unit, 2006-2018; Physician to the President, 2013-2018"
W000814,"Randy K. Weber, Sr.",Texas,Representative,"attended Alvin Community College in Alvin, Tex., 1971-1974; B.S., University of Houston-Clear Lake, Houston, Tex., 1977"
D000594,Monica De La Cruz,Texas,Representative,"B.B.A., University of Texas, San Antonio, Tex., 1997"
E000299,Veronica Escobar,Texas,Representative,"B.A., University of Texas at El Paso, El Paso, Tex., 1991; M.A., New York University, New York, N.Y., 1993; college professor"
S000250,Pete Sessions,Texas,Representative,"B.S., Southwestern University, Georgetown, Tex., 1978"
M001245,Christian D. Menefee,Texas,Representative,"B.B.A, University of Texas, San Antonio, Tex., 2010; J.D., Washington University School of Law, St. Louis, Mo., 2013"
A000375,Jodey C. Arrington,Texas,Representative,"B.A., Texas Tech University, Lubbock, Tex., 1994; M.A., Texas Tech University, Lubbock, Tex., 1997; special assistant to President George W. Bush, 2001; staff, chairman of the Federal Deposit Insurance Corporation, 2001-2005"
C001091,Joaquin Castro,Texas,Representative,"B.A., Stanford University, Stanford, Calif., 1996; J.D., Harvard University, Cambridge, Mass., 2000"
R000614,Chip Roy,Texas,Representative,"B.S., University of Virginia, Charlottesville, Va., 1994; M.S., University of Virginia, Charlottesville, Va., 1995; J.D., University of Texas, Austin, Tex., 2003"
N000026,Troy E. Nehls,Texas,Representative,"B.A., Liberty University, Lynchburg, Va.; M.S., University of Houston-Downtown, Houston, Tex."
V000134,Beth Van Duyne,Texas,Representative,"graduated from the Greenhill School, Addison, Tex., 1988; B.A., Cornell University, Ithaca, N.Y., 1995"
W000816,Roger Williams,Texas,Representative,"B.A., Texas Christian University, Fort Worth, Tex., 1972; professional athlete, 1971-1973"
G000603,Brandon Gill,Texas,Representative,"B.A., Dartmouth College, Hanover, N.H., 2016"
C001115,Michael Cloud,Texas,Representative,"B.S., Oral Roberts University, Tulsa, Okla., 1997"
C001063,Henry Cuellar,Texas,Representative,"A.A., Laredo Community College, Laredo, Tex., 1976; B.S., Georgetown University, Washington, D.C., 1978; J.D., University of Texas, Austin, Tex., 1981; M.A., Texas A&M International University, Laredo, Tex., 1982; Ph.D., University of Texas, Austin, Tex., 1998"
G000587,Sylvia R. Garcia,Texas,Representative,"B.S., Texas Women's University, Denton, Tex., 1972; J.D., Texas Southern University, Houston, Tex., 1978"
C001130,Jasmine Crockett,Texas,Representative,"graduated from the Mary Institute and Saint Louis Country Day School, St. Louis, Mo., 1999; B.A., Rhodes College, Memphis, Tenn., 2003; attended Thurgood Marshall School of Law, Texas Southern University, Houston, Tex.; J.D., University of Houston Law Center, Houston, Tex., 2006"
C001051,John R. Carter,Texas,Representative,"B.A., Texas Tech University, Lubbock, Tex., 1964; J.D., University of Texas Law School, Austin, Tex., 1969"
J000310,Julie Johnson,Texas,Representative,"B.A., University of Texas at Austin, Austin, Tex., 1987; J.D., University of Houston, Houston Tex., 1991"
V000131,Marc A. Veasey,Texas,Representative,"B.S., Texas Wesleyan University, Fort Worth, Tex., 1995"
G000581,Vicente Gonzalez,Texas,Representative,"B.A., Embry-Riddle Aeronautical University, Naval Air Station, Corpus Christi, Tex., 1992; J.D., Texas Wesleyan School of Law, Fort Worth, Tex., 1996"
C001131,Greg Casar,Texas,Representative,"graduated from Strake Jesuit College Preparatory, Houston, Tex., 2007; B.A., University of Virginia, Charlottesville, Va., 2011"
B001291,Brian Babin,Texas,Representative,"B.S., Lamar University, Beaumont, Tex., 1973; D.D.S., University of Texas, Houston, Tex., 1976; United States Air Force, 1975-1979; Texas Army National Guard, 1969-1975"
D000399,Lloyd Doggett,Texas,Representative,"B.A., University of Texas, Austin, Tex., 1967; J.D., University of Texas School of Law, Austin, Tex., 1970; member of the Texas state senate, 1973-1985; justice of the Texas state supreme court, 1989-1994; adjunct professor, University of Texas School of Law, Austin, Tex., 1989-1994"
H001095,Wesley Hunt,Texas,Representative,"graduated from St. John's School, Houston, Tex., 2000; B.S. United States Military Academy, West Point, N.Y., 2004; M.P.A., Cornell University, Ithaca, N.Y., 2015; M.B.A., Cornell University, Ithaca, N.Y., 2015; M.I.L.R., Cornell University, Ithaca, N.Y., 2016; United States Army, 2004-2012"
C001114,John R. Curtis,Utah,Senator,"attended University of Utah, Salt Lake City, Utah, 1979; B.S., Brigham Young University, Provo, Utah, 1985"
L000577,Mike Lee,Utah,Senator,"graduated Brigham Young University, B.A., 1994; graduated Brigham Young University, J.D., 1997; law clerk to 3rd Circuit Court of Appeals Justice Samuel Alito 1998"
M001213,Blake D. Moore,Utah,Representative,"attended Utah State University, Logan, Utah; B.A., University of Utah, Salt Lake City, Utah; M.P.P.A., Northwestern University, Evanston, Ill., 2018"
M001228,Celeste Maloy,Utah,Representative,"B.S., Southern Utah University, Cedar City, Utah, 2003; J.D., Brigham Young University, J. Reuben Clark Law School, Provo, Utah, 2015; soil conservationist, United States Department of Agriculture, 2001-2012; deputy attorney, Washington County, Utah, 2015-2018; attorney, Utah Association of Counties, 2016-2018; attorney, Washington County Water Conservancy District, Utah, 2018-2019; staff, United States Representative Chris Stewart of Utah, 2019-2023"
K000403,Mike Kennedy,Utah,Representative,"B.S., Brigham Young University, Provo, Utah, 1994; M.D., Michigan State University, East Lansing, Mich., 1998; J.D., Brigham Young University, Provo, Utah, 2007"
O000086,Burgess Owens,Utah,Representative,"B.S., University of Miami, Coral Gables, Fla., 1975"
W000805,Mark R. Warner,Virginia,Senator,"B.A., George Washington University, 1977; J.D., Harvard Law School, 1980"
K000384,Tim Kaine,Virginia,Senator,"graduated University of Missouri, B.A., 1979; graduated Harvard University, J.D., 1983"
W000804,Robert J. Wittman,Virginia,Representative,"M.P.H., University of North Carolina, Chapel Hill, N.C., 1990; Ph.D., Virginia Commonwealth University, Richmond, Va., 2002"
K000399,Jennifer A. Kiggans,Virginia,Representative,"B.A. Boston University, Boston, Mass., 1993; B.S., Old Dominion University, Norfolk, Va., 2011; M.S. Vanderbilt University, Nashville, Tenn., 2012; United States Navy, 1993-2003"
S000185,"Robert C. ""Bobby"" Scott",Virginia,Representative,"graduated from Groton School, Groton, Mass., 1965; A.B., Harvard University, Cambridge, Mass., 1969; J.D., Boston College School of Law, Boston, Mass., 1973"
M001227,Jennifer L. McClellan,Virginia,Representative,"B.A., University of Richmond, Richmond, Va., 1994; J.D., University of Virginia, Charlottesville, Va., 1997"
M001239,John J. McGuire III,Virginia,Representative,"attended Okaloosa Walton Community College, Niceville, Fla.; United States Navy, 1988-1998"
C001118,Ben Cline,Virginia,Representative,"B.A., Bates College, Lewiston, Me., 1994; J.D., University of Richmond Law School, Richmond, Va., 2007; staff, United States Representative Bob Goodlatte of Virginia, 1994-2002; marketing consultant, 2002-2007; assistant commonwealth's attorney, Rockingham County, Va., 2007-2013; member of the Virginia state house of delegates, 2002-2018"
V000138,Eugene Simon Vindman,Virginia,Representative,"B.A., Binghamton University, Binghamton, N.Y., 1997; M.A., Central Michigan University, Mt. Pleasant, Mich., 2005; J.D., University of Georgia, Atlanta, Ga., 2009"
B001292,"Donald S. Beyer, Jr.",Virginia,Representative,"B.A., Williams College, Williamstown, Mass., 1972"
G000568,H. Morgan Griffith,Virginia,Representative,"B.A., Emory & Henry College, Emory, Va., 1980; J.D., Washington & Lee University School of Law, Lexington, Va., 1983; lawyer, private practice, 1983-2011; member of Virginia state house of delegates, 1994-2011, majority leader, 2000-2011"
S001230,Suhas Subramanyam,Virginia,Representative,"B.A., Tulane University, New Orleans, La., 2008; J.D., Northwestern University, Chicago, Ill., 2013; staff, United States Representative Suzanne Kosmas of Florida, 2009-2010; staff, Senate Judiciary Committee, 2011; staff, White House Office of the Chief Technology Officer, 2015-2017"
W000831,James R. Walkinshaw,Virginia,Representative,"B.A., New York University, New York, N.Y., 2005"
P000610,Stacey E. Plaskett,US Virgin Islands (US Territory),Representative,"graduated from Choate Rosemary Hall, Wallingford, Conn., 1984; B.S.F.S., Georgetown University, Washington, D.C., 1988; J.D., American University, Washington, D.C., 1994"
S000033,Bernard Sanders,Vermont,Senator,"B.S., University of Chicago, Chicago, Ill., 1964; faculty, Harvard University, Cambridge, Mass., 1989; faculty, Hamilton College, Clinton, N.Y., 1990"
W000800,Peter Welch,Vermont,Senator,"A.B., College of the Holy Cross, Worcester, Mass.; 1969; J.D., University of California, Berkeley, Calif., 1973"
B001318,Becca Balint,Vermont,Representative,"attended Barnard College, New York, N.Y.; A.B., Smith College, Northampton, Mass., 1990; Ed.M., Harvard University, Cambridge, Mass., 1994; M.A., University of Massachusetts, Amherst, Mass., 2000"
C000127,Maria Cantwell,Washington,Senator,"attended public schools in Indianapolis; B.A., Miami University of Ohio 1980; pursued an academic course at the Miami University European Center, Luxembourg"
M001111,Patty Murray,Washington,Senator,"graduated, Washington State University 1972; education volunteer 1977-1984; instructor, Shoreline Community College, Shoreline, Wash., 1984-1987; citizen lobbyist for environmental and educational issues 1983-1988"
D000617,Suzan K. DelBene,Washington,Representative,"graduated from The Choate School, Wallingford, Conn., 1979; B.A., Reed College, Portland, Oreg., 1983; M.B.A., University of Washington, Seattle, Wash., 1990"
L000560,Rick Larsen,Washington,Representative,"B.A., Pacific Lutheran University, Tacoma, Wash., 1987; M.P.A., University of Minnesota, Minneapolis, Minn., 1990; member of the Snohomish, Wash., county council, 1998-2000"
G000600,Marie Gluesenkamp Perez,Washington,Representative,"B.A., Reed College, Portland, Oreg., 2012"
N000189,Dan Newhouse,Washington,Representative,"B.S., Washington State University, Pullman, Wash., 1977"
B001322,Michael Baumgartner,Washington,Representative,"B.A., Washington State University, Pullman, Wash., 1999; M.P.A., Harvard University, Cambridge, Mass., 2002"
R000621,Emily Randall,Washington,Representative,"B.A., Wellesley College, Wellesley, Mass., 2008; staff, Wellesley College, Wellesley, Mass., 2010-2015"
J000298,Pramila Jayapal,Washington,Representative,"A.B., Georgetown University, Washington, D.C., 1986; M.B.A., Northwestern University, Evanston, Ill., 1990"
S001216,Kim Schrier,Washington,Representative,"B.A., University of California, Berkeley, Calif., 1991; M.D., University of California, Davis, Calif., 1997; pediatric residency, Lucile Packard Children's Hospital at Stanford University, Palo Alto, Calif., 2000"
S000510,Adam Smith,Washington,Representative,"B.A., Fordham University, New York, N.Y., 1987; J.D., University of Washington, Seattle, Wash., 1990"
S001159,Marilyn Strickland,Washington,Representative,"B.A., University of Washington, Seattle, Wash., 1984; M.B.A., Clark Atlanta University, Atlanta, Ga., 1992"
J000293,Ron Johnson,Wisconsin,Senator,"graduated University of Minnesota, B.S., 1977; studied business administration, University of Minnesota, 1977-1979"
B001230,Tammy Baldwin,Wisconsin,Senator,"A.B., Smith College, Northampton, Mass., 1984; J.D., University of Wisconsin Law School, Madison, Wis., 1989"
S001213,Bryan Steil,Wisconsin,Representative,"B.S. Georgetown University, Washington, D.C., 2003; J.D., University of Wisconsin, Madison, Wis., 2007; staff, United States Representative Paul D. Ryan of Wisconsin, 2003-2004"
P000607,Mark Pocan,Wisconsin,Representative,"B.A., University of Wisconsin, Madison, Wis., 1986"
V000135,Derrick Van Orden,Wisconsin,Representative,"B.S., Excelsior University, Albany, NY; United States Navy, 1988-2014"
M001160,Gwen Moore,Wisconsin,Representative,"B.A., Marquette University, Milwaukee, Wis., 1978"
F000471,Scott Fitzgerald,Wisconsin,Representative,"B.S., University of Wisconsin, Oshkosh, Wis., 1985; United States Army Reserve, 1981-2009"
G000576,Glenn Grothman,Wisconsin,Representative,"B.B.A., University of Wisconsin, Madison, Wis., 1978; J.D., University of Wisconsin, Madison, Wis., 1983"
T000165,Thomas P. Tiffany,Wisconsin,Representative,"B.S., University of Wisconsin, River Falls, Wis., 1980"
W000829,Tony Wied,Wisconsin,Representative,"graduated from Notre Dame Academy, Green Bay, Wisc.; graduated from St. Norbert College, De Pere, Wisc., 1998"
J000312,James C. Justice,West Virginia,Senator,"B.A., Marshall University, Huntington, W.Va., 1974; M.B.A., Marshall University, Huntington, W.Va., 1976"
C001047,Shelley Moore Capito,West Virginia,Senator,"B.S., Duke University, Durham, N.C., 1975; M.Ed., University of Virginia, Charlottesville, Va., 1976; college counselor; member, West Virginia state house of representatives, 1997-2001"
M001205,Carol D. Miller,West Virginia,Representative,"B.S., Columbia College, Columbia, S.C., 1972; member of the West Virginia house of delegates, 2007-2019"
M001235,Riley M. Moore,West Virginia,Representative,"attended C.S. Monroe Technology Center, Leesburg, Va.; B.A., George Mason University, Fairfax, Va., 2005; M.A., National Defense University, Washington, DC, 2011"
L000571,Cynthia M. Lummis,Wyoming,Senator,"B.S., University of Wyoming, Laramie, Wyo., 1976; B.A., University of Wyoming, 1978; J.D., University of Wyoming College of Law, Laramie, Wyo., 1985"
B001261,John Barrasso,Wyoming,Senator,"graduated Georgetown University, Washington, D.C., B.S. 1974; graduated Georgetown University School of Medicine, M.D. 1978"
H001096,Harriet M. Hageman,Wyoming,Representative,"attended Casper College, Casper, Wyo., 1981-1983; B.S., University of Wyoming, Laramie, Wyo., 1986; J.D., University of Wyoming, Laramie, Wyo., 1989"